Index;libellé index;_2022_08;_2022_07;_2022_06;_2022_05;_2022_04;_2022_03;_2022_02;_2022_01;_2021_12;_2021_11;_2021_10;_2021_09;_2021_08;_2021_07;_2021_06;_2021_05;_2021_04;_2021_03;_2021_02;_2021_01;_2020_12;_2020_11;_2020_10;_2020_09;_2020_08;_2020_07;_2020_06;_2020_05;_2020_04;_2020_03;_2020_02;_2020_01;_2019_12;_2019_11;_2019_10;_2019_09;_2019_08;_2019_07;_2019_06;_2019_05;_2019_04;_2019_03;_2019_02;_2019_01;_2018_12;_2018_11;_2018_10;_2018_09;_2018_08;_2018_07;_2018_06;_2018_05;_2018_04;_2018_03;_2018_02;_2018_01;_2017_12;_2017_11;_2017_10;_2017_09;_2017_08;_2017_07;_2017_06;_2017_05;_2017_04;_2017_03;_2017_02;_2017_01;_2016_12;_2016_11;_2016_10;_2016_09;_2016_08;_2016_07;_2016_06;_2016_05;_2016_04;_2016_03;_2016_02;_2016_01;_2015_12;_2015_11;_2015_10;_2015_09;_2015_08;_2015_07;_2015_06;_2015_05;_2015_04;_2015_03;_2015_02;_2015_01;_2014_12;_2014_11;_2014_10;_2014_09;_2014_08;_2014_07;_2014_06;_2014_05;_2014_04;_2014_03;_2014_02;_2014_01;_2013_12;_2013_11;_2013_10;_2013_09;_2013_08;_2013_07;_2013_06;_2013_05;_2013_04;_2013_03;_2013_02;_2013_01;_2012_12;_2012_11;_2012_10;_2012_09;_2012_08;_2012_07;_2012_06;_2012_05;_2012_04;_2012_03;_2012_02;_2012_01;_2011_12;_2011_11;_2011_10;_2011_09;_2011_08;_2011_07;_2011_06;_2011_05;_2011_04;_2011_03;_2011_02;_2011_01;_2010_12;_2010_11;_2010_10;_2010_09;_2010_08;_2010_07;_2010_06;_2010_05;_2010_04;_2010_03;_2010_02;_2010_01;_2009_12;_2009_11;_2009_10;_2009_09;_2009_08;_2009_07;_2009_06;_2009_05;_2009_04;_2009_03;_2009_02;_2009_01;_2008_12;_2008_11;_2008_10;_2008_09;_2008_08;_2008_07;_2008_06;_2008_05;_2008_04;_2008_03;_2008_02;_2008_01;_2007_12;_2007_11;_2007_10;_2007_09;_2007_08;_2007_07;_2007_06;_2007_05;_2007_04;_2007_03;_2007_02;_2007_01;_2006_12;_2006_11;_2006_10;_2006_09;_2006_08;_2006_07;_2006_06;_2006_05;_2006_04;_2006_03;_2006_02;_2006_01;_2005_12;_2005_11;_2005_10;_2005_09;_2005_08;_2005_07;_2005_06;_2005_05;_2005_04;_2005_03;_2005_02;_2005_01;_2004_12;_2004_11;_2004_10;_2004_09;_2004_08;_2004_07;_2004_06;_2004_05;_2004_04;_2004_03;_2004_02;_2004_01;_2003_12;_2003_11;_2003_10;_2003_09;_2003_08;_2003_07;_2003_06;_2003_05;_2003_04;_2003_03;_2003_02;_2003_01;_2002_12;_2002_11;_2002_10;_2002_09;_2002_08;_2002_07;_2002_06;_2002_05;_2002_04;_2002_03;_2002_02;_2002_01;_2001_12;_2001_11;_2001_10;_2001_09;_2001_08;_2001_07;_2001_06;_2001_05;_2001_04;_2001_03;_2001_02;_2001_01;_2000_12;_2000_11;_2000_10;_2000_09;_2000_08;_2000_07;_2000_06;_2000_05;_2000_04;_2000_03;_2000_02;_2000_01;_1999_12;_1999_11;_1999_10;_1999_09;_1999_08;_1999_07;_1999_06;_1999_05;_1999_04;_1999_03;_1999_02;_1999_01;_1998_12;_1998_11;_1998_10;_1998_09;_1998_08;_1998_07;_1998_06;_1998_05;_1998_04;_1998_03;_1998_02;_1998_01;_1997_12;_1997_11;_1997_10;_1997_09;_1997_08;_1997_07;_1997_06;_1997_05;_1997_04;_1997_03;_1997_02;_1997_01;_1996_12;_1996_11;_1996_10;_1996_09;_1996_08;_1996_07;_1996_06;_1996_05;_1996_04;_1996_03;_1996_02;_1996_01
1;Règlements de compte entre malfaiteurs;3;1;0;0;0;0;0;0;0;0;2;0;0;0;0;1;0;1;0;1;1;2;1;2;1;0;0;0;1;1;0;0;0;0;0;1;0;0;0;0;0;2;1;0;1;1;1;0;0;1;2;0;0;0;0;0;0;0;0;0;3;0;0;0;0;0;1;0;0;0;0;0;0;0;0;0;0;0;0;0;0;0;2;0;1;0;0;0;0;0;0;0;0;0;0;0;0;0;0;0;0;0;0;0;0;0;0;0;0;0;0;0;0;0;0;0;0;0;0;0;0;0;0;0;0;0;0;0;0;0;0;0;0;0;0;0;0;0;0;0;0;0;1;0;0;0;0;0;0;0;0;0;0;0;0;0;0;0;0;0;0;0;0;0;1;0;2;0;0;0;0;0;0;0;0;0;0;0;0;2;0;0;0;0;0;0;0;0;0;0;0;0;0;0;0;0;0;0;0;0;0;0;0;0;0;0;0;0;0;1;1;0;0;0;0;0;0;1;0;0;0;1;0;1;0;0;0;0;1;0;0;0;0;1;0;0;0;0;0;0;0;0;0;0;0;0;1;0;0;0;0;0;0;0;0;0;0;0;0;0;0;1;0;0;0;0;0;0;0;1;0;0;0;0;0;0;0;0;0;0;0;0;0;0;0;0;0;0;0;0;0;0;0;0;0;0;0;0;0;0;1;0;0;0;0;0;0;0;0;0;0;0;0;0;0;0;0;0;0;1
2;Homicides pour voler et à l'occasion de vols;0;0;0;0;0;0;0;0;0;0;0;0;0;0;0;0;0;0;0;0;0;0;0;0;0;0;0;0;0;0;0;0;0;0;0;0;0;0;0;0;1;0;0;0;0;1;0;0;0;0;0;0;0;1;0;0;1;0;0;0;0;0;0;0;0;0;0;0;0;0;0;0;0;0;0;0;0;0;0;0;0;0;0;0;0;0;0;0;0;0;0;0;0;0;0;0;0;0;0;0;0;0;0;0;0;0;0;0;0;0;0;0;0;0;0;0;0;0;0;0;0;0;0;0;0;0;0;0;0;0;0;0;0;0;0;0;0;0;0;0;0;0;0;0;1;0;0;0;0;0;0;0;0;0;0;0;0;1;0;0;0;0;0;0;0;0;0;0;0;0;0;1;0;0;0;0;0;0;0;0;0;0;0;0;0;0;0;0;0;0;1;1;0;0;0;0;0;0;0;0;0;0;0;0;0;0;0;0;0;0;0;0;0;0;0;0;0;0;0;0;0;0;0;0;0;0;0;0;0;0;0;0;0;0;0;0;0;0;1;0;0;2;0;0;0;0;0;0;0;0;0;0;0;0;0;0;0;0;0;0;0;0;0;0;0;0;0;0;0;0;0;0;0;0;0;0;0;0;0;0;0;0;0;0;0;0;0;0;0;0;0;0;0;0;0;0;0;1;1;1;0;0;0;0;1;0;0;0;0;0;0;0;0;0;0;0;0;0;0;0
3;Homicides pour d'autres motifs;2;2;3;1;11;5;0;0;0;1;1;2;1;0;2;1;0;3;1;4;4;4;2;1;0;3;1;0;0;0;3;0;1;1;1;2;1;4;0;2;0;2;3;3;0;0;0;0;1;2;0;1;1;1;2;0;0;1;1;1;2;0;0;1;1;1;3;2;4;0;2;2;1;2;3;1;0;2;0;1;3;0;1;0;0;0;2;0;0;5;1;0;4;0;0;3;2;1;2;3;0;1;1;0;1;0;2;1;1;1;1;0;1;1;1;0;2;0;1;0;0;1;1;0;0;1;1;0;1;2;4;0;1;0;1;4;1;0;1;1;0;2;1;1;0;1;2;1;0;0;1;1;2;0;1;0;0;0;4;1;1;1;1;1;0;0;0;0;6;0;0;1;0;3;0;1;0;2;1;1;1;0;1;2;1;0;1;2;2;2;2;1;1;3;2;1;1;1;1;5;3;0;2;2;2;4;0;0;2;1;0;0;2;0;2;3;1;1;0;0;1;1;3;0;0;1;1;1;1;2;1;2;1;2;0;0;0;3;0;1;1;0;0;1;1;2;0;0;0;1;2;2;2;2;0;3;1;1;1;4;1;1;3;1;1;0;0;3;0;1;0;5;0;1;0;2;0;0;1;0;1;1;1;0;1;1;1;1;0;0;1;1;0;2;0;0;2;3;1;1;1;1;1;0;0;1;2;0;0;0;0;3;2;1;1;0;1;1;0;2
4;Tentatives d'homicides pour voler et à l'occasion de vols;0;1;0;0;0;0;0;0;0;0;0;0;0;0;0;1;0;0;0;0;0;0;0;0;0;0;0;1;0;0;0;0;1;0;0;0;0;0;0;0;0;0;0;0;0;0;0;0;0;0;0;0;0;0;0;0;0;0;0;1;0;0;0;1;0;0;0;0;0;0;0;0;0;0;0;0;0;0;0;0;0;0;0;0;0;1;0;0;0;0;0;0;0;0;0;1;0;0;0;0;0;1;0;1;0;0;0;0;0;0;1;0;0;2;0;0;0;0;1;0;0;0;0;0;0;0;0;0;0;0;0;1;0;0;0;0;0;0;0;0;0;0;0;0;0;0;0;2;0;0;0;0;0;4;0;0;0;0;0;0;0;0;0;0;0;0;0;0;0;0;0;1;0;0;0;1;0;0;0;0;1;0;0;0;0;0;0;0;0;0;0;0;0;0;0;0;0;1;0;0;0;0;0;0;0;4;0;0;0;0;0;1;0;0;0;1;0;0;0;0;0;1;0;0;0;0;0;0;0;0;1;0;0;0;3;0;1;1;0;0;0;0;0;0;0;0;1;0;4;1;0;1;0;1;0;0;0;0;2;0;1;0;0;0;0;0;0;1;1;0;0;0;0;0;0;0;0;0;0;0;0;0;0;0;0;0;1;0;0;0;0;0;0;0;0;0;0;1;0;0;1;0;0;0;0;2;0;0;1;0;0;0;0;1;0;0;0;1;0;2
5;Tentatives homicides pour d'autres motifs;8;10;26;14;4;12;7;10;3;6;14;5;5;8;3;3;8;8;2;8;9;8;6;7;8;1;12;11;6;10;8;4;2;7;6;9;7;6;5;6;4;4;5;1;4;4;7;5;5;3;5;10;6;3;3;2;3;7;0;3;13;6;3;3;1;5;1;2;5;3;12;3;8;5;9;2;1;4;6;2;1;6;5;2;1;1;0;8;2;4;1;3;4;2;1;0;1;1;0;3;3;0;3;1;2;1;2;3;2;2;4;2;2;1;1;0;8;1;0;1;3;2;3;2;1;1;0;0;0;2;3;3;0;3;1;1;0;1;2;2;2;2;0;2;7;3;1;0;1;0;1;2;4;2;0;4;1;8;1;2;1;4;0;2;0;0;1;2;0;2;3;1;3;1;1;1;3;0;2;2;0;2;0;3;1;0;0;1;1;0;0;1;1;5;2;1;0;1;0;5;2;2;1;1;2;3;1;2;2;0;0;2;1;0;1;2;1;1;2;1;0;3;1;1;0;4;1;1;0;1;2;1;1;1;1;4;1;1;1;0;2;0;3;1;4;0;0;0;0;1;3;0;1;1;2;3;2;1;1;1;1;0;2;1;0;3;4;2;0;1;4;2;0;5;0;0;2;0;0;7;0;2;0;3;1;0;1;1;0;0;2;0;1;0;0;0;1;0;0;2;0;0;0;1;0;0;0;1;0;1;2;0;0;1;1;0;1;0;1;1
6;Coups et blessures volontaires suivis de mort;0;0;3;0;0;0;0;0;0;0;0;0;0;0;0;0;0;1;0;0;0;0;0;0;0;0;0;0;0;0;0;0;0;1;0;0;0;0;0;0;0;0;0;0;0;0;0;1;0;0;1;0;1;0;0;0;0;0;0;0;0;0;0;0;0;0;0;0;0;0;0;0;0;0;0;0;1;0;0;0;0;0;2;0;1;1;0;0;1;0;1;1;0;0;0;0;0;1;0;0;1;0;0;0;0;0;0;0;0;0;0;0;0;0;0;0;0;0;1;0;0;0;0;0;0;0;0;0;0;0;1;0;0;0;0;0;0;0;0;1;0;1;0;1;0;0;0;0;0;0;0;0;0;0;0;0;0;0;0;2;0;0;0;2;1;0;0;0;1;1;0;0;0;0;0;1;0;0;0;0;1;1;0;0;0;0;0;0;0;0;0;1;0;0;0;3;0;0;1;0;0;0;0;0;0;0;0;0;1;0;1;0;0;1;1;1;0;0;2;0;0;0;0;0;0;0;1;0;0;0;2;1;0;0;0;0;0;0;0;0;0;0;0;0;0;0;0;0;0;0;0;0;0;0;1;0;2;1;0;1;0;0;0;0;0;2;0;0;0;0;0;1;0;0;0;1;0;0;0;0;0;0;1;0;0;0;0;0;0;0;0;1;0;0;0;0;1;0;0;0;0;0;0;0;0;0;1;0;1;0;0;1;0;3;1;0;0;1;1;0
7;Autres coups et blessures volontaires criminels ou correctionnels;653;652;684;691;628;634;598;527;508;577;612;660;546;566;648;491;414;436;409;456;457;458;509;540;549;601;590;425;362;370;514;478;470;496;517;522;437;500;492;483;425;430;411;426;412;480;492;466;375;392;490;451;401;435;321;410;373;451;437;438;366;441;444;406;330;409;358;364;358;424;420;418;332;370;426;340;335;375;354;401;353;369;454;365;320;397;420;386;375;367;263;319;355;357;407;340;324;356;360;336;343;312;357;335;322;339;390;314;308;325;326;299;304;279;283;287;266;321;296;287;310;340;267;289;272;341;268;280;229;268;358;305;289;233;317;277;281;277;289;264;302;278;302;282;223;254;300;290;225;263;215;279;244;291;291;280;244;278;314;264;273;309;249;263;311;289;340;258;258;281;272;271;297;260;249;251;246;253;310;271;248;291;328;299;235;292;264;229;221;276;289;254;241;273;264;224;221;267;216;226;223;229;230;245;219;225;231;200;177;200;168;179;225;176;206;196;187;191;175;181;199;207;189;171;166;155;190;233;186;234;189;212;195;246;201;131;146;156;125;166;183;227;213;214;152;162;127;132;130;172;203;135;132;143;148;170;148;173;115;171;138;119;114;120;90;118;103;126;83;135;103;133;120;139;150;164;95;129;117;108;125;114;61;92;81;97;70;98;74;65;97;54;70;65;70;62;97;57;66;54;35;60;59;43;47;40;23;23;49;66;51;39;45;50;52;46;31;45;32;43
8;Prises d'otages à l'occasion de vols;1;0;0;1;1;2;0;0;0;0;0;0;1;0;0;1;0;0;0;0;1;0;0;0;0;0;0;0;0;0;0;1;0;0;0;1;0;0;2;0;0;1;1;1;0;0;0;0;0;0;1;0;0;0;0;0;0;0;0;0;0;0;0;0;0;0;0;0;1;0;0;0;1;1;0;0;0;0;0;1;0;0;0;1;0;1;1;0;0;0;0;0;0;0;0;0;0;0;0;0;0;0;0;0;0;0;0;0;0;0;0;0;0;0;0;0;0;0;0;0;0;0;0;0;0;0;0;0;0;0;0;0;0;0;0;0;0;0;0;0;0;0;0;0;0;0;0;0;0;0;0;0;0;0;0;0;0;0;0;0;0;0;0;0;0;0;0;0;0;0;0;0;0;0;0;0;0;0;0;0;0;0;0;0;0;0;0;0;0;0;0;0;0;0;0;0;0;0;0;0;0;0;0;0;0;0;0;0;0;0;0;0;0;0;0;0;0;0;0;0;0;0;0;0;0;0;0;0;0;0;0;0;0;0;0;0;0;0;0;0;0;0;0;0;1;0;0;0;0;0;0;0;0;0;0;1;0;0;0;0;0;0;0;0;0;0;1;0;0;0;0;0;0;0;0;0;0;0;0;0;0;0;0;0;0;0;0;0;0;0;0;0;0;0;0;0;1;0;0;0;0;0;0;0;0;0;0;0;0;0;0;0;0;0;0;0;0;0;0;0
9;Prises d'otages dans un autre but;0;1;0;0;0;0;4;0;0;2;0;0;0;0;1;1;1;0;1;1;1;0;1;0;0;0;0;1;0;1;0;0;0;0;1;0;0;0;0;0;0;1;2;0;1;0;0;1;0;0;0;0;1;0;0;0;0;1;0;0;0;0;0;0;0;0;0;0;0;1;0;0;2;1;0;0;0;0;0;1;0;0;0;0;0;0;0;0;1;0;0;0;0;0;0;0;0;0;0;0;0;1;0;0;1;0;0;0;0;0;0;0;0;0;0;0;0;0;0;0;0;0;1;0;0;0;0;0;0;0;0;0;0;0;0;0;0;0;0;0;0;0;0;0;0;0;0;0;0;0;0;0;0;0;0;0;0;0;0;0;0;0;0;0;0;0;0;0;0;0;0;0;0;0;0;0;1;0;0;0;0;0;0;0;0;0;0;0;0;0;0;0;0;0;0;0;0;0;0;0;0;0;1;0;0;0;0;0;0;0;0;0;0;0;0;0;0;0;0;0;0;0;0;0;0;0;0;0;0;0;0;0;0;0;0;0;0;0;0;0;0;0;0;0;0;0;0;0;0;0;0;0;0;0;0;0;0;0;0;0;0;0;0;0;0;0;0;0;0;0;0;0;0;0;0;0;0;0;0;0;1;0;0;0;0;1;0;0;0;0;0;0;0;0;0;0;0;0;0;0;0;0;0;0;0;0;0;0;0;0;0;0;0;0;0;0;0;0;0;0
10;Sequestrations;9;9;10;10;6;13;14;9;5;7;6;12;11;9;12;8;10;5;4;14;10;10;6;5;10;5;5;6;6;9;6;4;8;11;8;6;4;6;6;5;5;10;5;7;6;6;11;3;12;8;5;7;11;7;2;9;8;10;7;5;3;9;3;7;9;8;3;5;7;8;6;1;2;6;5;8;4;10;9;7;7;5;7;11;8;2;9;7;4;6;9;4;8;3;6;7;4;2;7;6;6;4;3;4;4;7;1;3;1;2;7;6;10;6;2;4;3;2;4;1;4;3;4;4;1;3;3;4;1;4;5;4;5;2;8;2;2;5;7;1;3;2;3;2;3;4;2;3;4;2;3;3;3;3;4;2;2;2;3;1;3;3;3;1;4;1;3;4;2;2;4;4;2;2;3;3;2;5;1;2;3;2;3;1;4;2;3;3;3;1;5;1;2;1;4;3;3;6;3;4;5;4;8;7;3;1;1;4;2;4;5;5;5;1;2;6;1;3;3;3;2;1;2;4;7;4;3;3;1;2;3;2;6;8;4;4;4;6;5;1;0;6;2;4;2;1;4;1;1;6;3;3;1;3;2;2;2;3;0;0;3;4;3;2;3;2;3;1;0;4;3;1;3;1;0;2;2;1;2;1;0;0;1;3;2;1;3;0;3;0;1;1;2;1;0;3;5;0;2;2;0;1;0;0;1;1;1;0;4;3;5;4;2;0;1;2;1;1;3;0
11;Menaces ou chantages pour extorsion de fonds;27;9;23;28;16;33;30;27;30;28;40;24;22;23;41;23;27;28;24;28;16;30;25;27;21;30;27;26;18;19;26;40;22;26;32;32;20;31;33;19;22;23;37;39;30;33;34;28;22;22;26;20;18;18;18;14;29;26;25;30;19;24;33;29;19;24;21;17;20;24;18;23;19;25;27;23;28;24;33;22;26;44;23;24;17;25;25;21;24;33;23;29;20;26;27;19;16;16;21;16;15;12;23;19;15;14;24;21;24;16;31;14;24;21;27;26;18;27;35;23;19;16;27;28;26;34;27;39;22;15;21;14;20;14;17;17;16;43;25;20;28;24;29;20;12;26;22;24;22;16;16;25;15;23;16;17;10;21;29;18;19;19;20;27;27;23;36;20;20;19;25;17;26;24;25;23;19;32;18;19;6;14;9;18;15;18;13;19;12;15;9;7;9;10;12;7;10;11;7;5;11;5;4;8;10;8;8;7;8;10;9;18;8;9;16;7;6;5;12;10;11;11;11;12;14;16;12;8;9;4;9;12;8;12;9;8;12;12;8;4;7;11;9;8;9;9;10;7;6;8;5;7;7;6;11;21;9;9;6;3;20;7;8;8;8;4;6;10;5;5;7;6;5;8;10;2;4;8;5;5;7;19;15;10;9;7;8;7;4;0;7;8;6;7;3;6;17;8;13;5;6;5;7;2;3;2;9;3;5;4;9;9;4;3;5;4;2;4;5;2
12;Menaces ou chantages dans un autre but;258;251;300;266;277;281;276;228;261;283;282;287;193;267;277;253;258;262;220;222;256;230;227;239;192;275;274;219;147;159;157;182;207;229;253;225;185;272;204;220;197;236;193;196;195;195;207;235;185;187;225;225;205;231;167;187;177;206;223;182;151;204;243;199;165;214;174;195;179;194;221;204;171;231;272;149;170;196;160;188;173;166;239;192;171;199;208;181;196;204;179;183;207;172;214;177;170;207;166;171;157;134;154;158;180;173;206;146;121;183;138;161;145;145;127;123;116;127;145;103;126;146;117;111;132;131;121;114;118;107;137;129;104;110;101;138;118;114;112;112;119;118;127;115;94;91;144;108;106;126;108;116;108;112;140;106;107;93;107;110;115;91;81;114;93;105;137;113;103;107;108;77;71;106;109;104;68;73;104;81;86;71;86;74;74;109;89;108;109;95;141;114;100;88;85;101;84;103;101;137;124;108;113;125;126;93;111;85;109;117;79;98;149;77;110;123;108;118;44;128;118;125;107;84;94;116;120;118;95;114;95;80;114;112;105;60;92;82;69;68;49;81;76;74;51;47;58;54;55;63;75;69;53;47;42;86;49;82;53;70;35;51;51;61;57;37;36;41;28;51;42;55;40;42;37;52;24;31;40;30;32;44;32;39;25;29;23;35;31;21;33;19;19;28;20;21;41;24;37;27;22;22;18;14;19;14;17;17;34;21;27;27;21;15;21;21;18;15;24;20
13;Atteintes à la dignité et à la personnalité;112;122;161;146;127;152;163;133;145;132;146;163;100;134;175;132;115;150;129;127;123;123;121;128;114;118;141;108;50;89;105;113;103;113;148;124;83;109;116;135;144;104;95;106;84;135;130;104;73;103;112;102;103;137;75;105;95;103;115;74;75;98;138;113;72;121;70;86;95;94;74;82;71;81;109;80;81;96;78;93;93;94;101;92;79;86;121;85;69;109;60;75;74;74;86;78;56;80;64;69;101;77;86;69;66;70;65;49;57;73;73;59;82;59;61;40;62;53;65;55;41;52;57;48;45;44;47;56;43;56;58;59;24;59;59;76;70;66;75;56;58;55;44;45;30;50;70;53;45;60;43;52;63;34;49;45;45;44;63;52;34;37;49;45;32;32;36;28;18;42;44;27;37;24;29;35;26;30;40;38;20;34;24;21;18;37;28;40;30;28;40;52;37;34;26;30;37;36;41;36;37;28;42;41;20;41;44;29;37;39;33;47;62;40;44;38;32;38;12;32;39;36;27;17;21;33;44;26;25;39;41;31;40;45;37;16;26;24;27;20;20;29;19;20;37;19;20;19;24;22;20;11;17;16;8;18;24;16;19;18;15;12;12;12;10;8;13;9;11;11;7;13;9;13;13;7;14;10;9;8;11;7;4;9;2;10;11;9;7;9;12;10;7;11;6;2;18;9;9;9;9;13;8;9;7;4;5;2;10;11;8;4;8;8;14;6;8;5;1;3
14;Violations de domicile;31;48;48;50;30;48;35;39;41;41;47;38;44;27;36;37;36;44;34;41;32;35;39;49;44;34;42;23;18;30;34;20;29;27;28;37;14;41;36;28;32;25;27;32;23;33;40;33;24;31;17;25;28;25;23;25;32;25;27;30;21;20;23;21;23;27;28;22;24;29;17;17;30;18;28;18;30;21;17;24;26;28;34;27;14;29;32;22;24;30;19;17;19;24;21;24;21;23;15;22;12;21;15;14;17;21;21;14;15;15;11;11;13;4;15;5;11;14;19;8;16;16;24;11;10;14;10;10;10;16;15;16;5;9;16;11;8;11;11;10;20;13;13;16;18;13;8;18;8;12;10;5;11;10;13;9;6;8;13;7;11;10;8;6;11;10;16;10;16;12;12;10;11;9;6;6;13;12;13;13;11;9;11;14;8;7;12;14;11;10;12;16;13;11;13;9;10;10;6;9;6;11;23;13;7;7;10;14;5;10;14;9;10;10;12;19;11;5;8;8;12;15;8;13;14;8;22;18;19;24;12;6;17;14;8;5;5;9;17;6;15;13;11;11;7;8;6;6;8;10;13;9;8;10;10;4;11;12;7;9;7;12;7;5;6;3;9;6;5;5;7;14;8;14;7;1;3;5;2;5;4;2;3;5;8;6;5;8;2;5;6;2;5;7;4;6;13;6;7;7;6;5;7;10;6;1;4;2;12;15;11;5;7;1;3;3;4;1;5;3
15;Vols à main armée contre des établissements financiers;0;0;0;0;0;0;0;0;0;1;1;0;0;0;0;0;0;0;0;0;1;0;0;0;0;1;0;0;0;0;0;0;0;0;0;0;0;0;0;0;0;0;0;0;0;0;0;0;0;0;0;0;0;0;0;1;0;0;0;1;0;0;0;0;0;1;0;0;0;1;0;0;0;0;1;0;0;0;1;0;0;0;1;1;0;0;0;0;0;0;1;0;0;1;0;1;0;0;0;0;0;0;0;0;0;0;0;0;1;0;0;1;1;1;0;0;0;0;0;1;0;0;1;0;1;0;0;1;2;1;0;2;1;4;3;1;0;0;1;0;1;0;0;1;0;2;1;2;2;5;0;0;0;0;1;0;0;0;0;0;3;1;0;1;0;0;0;0;2;2;1;0;0;0;1;2;2;2;1;1;1;1;1;0;0;0;0;0;0;1;0;0;1;0;0;0;1;0;0;0;2;2;1;0;0;0;0;0;0;2;5;0;1;1;0;1;1;2;0;0;2;0;3;2;6;4;0;5;0;1;1;2;4;1;0;1;0;3;2;0;0;0;1;0;4;1;1;2;2;1;1;1;4;7;4;2;3;3;0;6;3;4;1;0;1;0;2;2;3;1;3;5;3;1;1;1;1;1;3;1;0;2;3;6;0;3;0;2;1;3;3;1;2;7;2;10;3;3;6;2;2;1;2;1;1;0;2;1;8;2;1;1;3;3;2;0;2;5;5;5
16;Vols à main armée contre des établissements industriels ou commerciaux;0;1;0;0;0;0;0;1;0;1;1;1;2;0;1;0;0;0;0;1;2;0;0;1;0;1;0;0;0;2;0;3;2;0;3;2;1;1;0;0;1;0;1;1;1;0;0;2;2;1;0;2;1;3;0;1;1;3;3;0;0;0;1;3;3;7;1;1;0;3;2;2;3;2;0;2;1;2;2;0;11;2;5;1;3;3;8;2;2;2;1;2;3;4;5;1;3;5;1;1;6;4;4;5;9;4;5;6;2;1;8;9;5;3;10;9;13;4;9;8;1;4;4;11;3;5;7;5;7;6;3;3;2;3;3;1;2;4;0;3;2;6;4;2;1;6;4;2;5;9;3;3;9;13;8;3;5;9;3;6;34;6;8;9;11;9;12;7;3;8;6;5;4;5;5;8;6;2;6;7;5;3;3;3;8;5;3;3;2;4;4;3;3;1;1;0;3;5;2;4;4;0;1;4;1;7;3;2;0;3;4;8;9;11;2;2;4;4;7;2;0;1;5;4;5;5;4;4;1;4;8;1;5;2;4;4;1;6;3;0;6;6;1;3;4;8;1;8;5;6;2;4;7;7;13;6;5;10;14;17;10;7;4;5;6;8;6;10;7;12;12;19;10;3;10;7;3;9;15;5;10;16;18;34;14;14;6;4;4;13;7;14;14;14;14;10;22;6;8;8;3;1;5;7;8;8;3;4;15;8;3;3;6;5;15;3;3;5;3;5
17;Vols à main armée contre des entreprises de transports de fonds;0;0;0;0;0;0;0;0;0;0;0;0;0;0;0;0;0;0;1;0;0;0;0;0;0;0;0;0;0;0;0;0;0;0;0;0;0;0;0;0;0;0;0;0;0;0;0;0;0;0;0;0;0;0;0;0;0;0;0;0;0;0;0;0;0;0;0;0;0;0;0;0;0;0;0;0;0;0;0;0;1;0;0;0;0;0;0;0;0;1;0;0;0;0;0;0;0;0;0;0;0;0;0;0;0;0;0;0;0;0;0;0;0;0;0;0;0;0;0;0;0;0;0;0;0;0;1;0;1;0;0;0;0;0;0;0;0;0;0;0;0;0;0;0;0;0;0;0;0;0;0;0;0;0;0;0;0;0;0;0;0;0;0;0;0;0;0;0;0;0;0;0;0;0;0;0;0;0;0;0;1;0;0;0;0;0;0;0;0;0;0;0;0;0;0;0;0;0;0;0;0;0;0;0;0;0;0;0;0;0;0;0;1;0;0;0;0;0;0;0;0;0;0;0;0;0;0;0;0;0;0;0;0;0;0;0;0;0;0;0;0;0;0;0;0;0;0;0;0;1;0;0;0;0;0;0;0;0;0;0;0;0;0;0;0;0;0;0;0;0;0;0;0;0;0;0;0;0;0;0;0;0;0;0;0;0;0;0;1;0;0;0;0;0;0;0;0;0;0;0;0;0;0;0;0;0;0;0;0;0;0;0;0;0;0;0;0;0;0;0
18;Vols à main armée contre des particuliers à leur domicile;2;1;1;0;0;3;2;0;1;0;0;0;1;0;1;1;2;0;1;1;2;2;0;1;0;0;1;0;0;1;1;2;1;1;1;1;0;1;2;0;1;1;0;1;1;2;0;0;0;0;1;1;3;2;0;1;0;1;1;0;0;0;0;0;0;1;1;2;2;0;0;3;1;3;0;1;0;2;0;0;1;3;4;3;0;3;1;0;1;0;4;1;1;2;1;0;0;2;0;1;1;0;1;2;2;1;1;0;0;2;1;1;0;2;0;3;1;0;3;2;1;0;4;1;1;4;0;0;3;0;1;0;0;1;0;1;0;1;0;0;0;0;0;1;0;2;3;2;0;1;3;2;1;2;2;3;2;0;1;3;0;1;4;3;1;0;3;0;1;0;0;3;1;0;0;2;1;1;3;0;1;1;1;1;0;0;3;0;0;2;0;0;0;0;0;0;0;1;1;1;0;1;0;0;0;0;1;1;0;1;4;1;1;1;0;0;1;0;1;0;0;0;2;0;0;1;2;0;0;1;0;0;0;0;3;1;0;1;0;1;2;0;0;1;1;2;1;0;0;2;0;2;0;0;0;3;2;0;1;0;0;1;0;3;1;0;1;1;2;0;0;2;1;0;0;1;0;2;0;1;0;0;0;0;1;0;1;1;3;2;3;1;2;0;0;0;2;1;0;1;1;1;0;2;0;0;0;0;1;1;0;1;0;0;0;4;0;0;0;0
19;Autres vols à main armée;3;1;0;2;1;3;5;0;1;1;2;2;4;0;0;0;2;4;0;3;1;2;3;2;2;3;2;1;0;1;0;2;0;3;2;3;1;2;1;1;2;2;2;1;3;2;3;4;2;0;2;1;0;0;1;0;2;2;3;2;1;1;2;0;1;1;2;3;1;2;0;3;1;3;3;2;1;0;2;0;1;2;2;3;1;2;3;1;2;1;2;1;10;2;5;0;2;8;0;3;0;1;3;6;1;2;1;0;0;3;4;0;1;3;2;2;3;2;3;5;3;4;6;0;5;5;7;1;1;0;1;1;1;1;3;6;2;1;2;6;2;3;2;1;2;1;2;0;3;8;6;5;2;3;2;4;2;4;0;0;2;3;3;1;2;9;2;1;2;1;1;1;1;2;1;3;1;2;1;0;0;1;1;1;1;4;1;2;0;1;4;3;8;2;2;2;0;4;0;5;2;3;2;2;3;1;0;1;4;2;4;2;3;2;1;4;4;0;4;1;7;5;2;4;2;3;4;2;0;1;4;4;2;8;10;2;8;8;6;6;3;2;3;2;2;3;5;6;5;5;5;6;7;2;6;2;2;6;8;7;3;9;1;3;3;2;6;6;4;5;1;6;3;4;3;2;3;1;5;0;4;4;4;5;4;8;5;10;7;1;10;2;3;4;8;0;5;3;5;6;5;7;3;4;3;4;3;5;12;4;4;2;6;1;5;1;1;4;7;4
20;Vols avec armes blanches contre des établissements financiers,commerciaux ou industriels;1;0;1;1;0;1;0;1;3;1;3;0;0;2;1;2;0;1;1;1;1;0;1;0;0;0;1;0;0;1;1;1;3;1;2;0;0;0;0;1;0;3;0;0;3;1;0;0;0;0;2;0;0;0;2;1;1;1;3;3;1;0;1;0;3;3;4;0;2;1;2;1;1;0;1;0;1;0;2;0;0;1;0;0;0;2;1;2;2;3;1;1;2;3;3;0;3;4;1;0;1;2;2;6;2;1;2;1;2;3;1;3;3;7;9;2;8;2;3;3;1;0;2;0;2;4;3;2;4;5;4;2;2;3;1;1;10;7;1;4;13;11;0;2;2;5;8;3;6;4;4;4;5;5;4;5;6;7;5;6;6;5;3;4;4;1;2;3;0;2;5;1;0;1;4;3;4;1;1;1;3;0;2;6;1;1;5;5;5;2;3;1;2;5;9;5;6;10;2;2;6;4;1;2;1;1;1;0;0;1;2;3;2;3;0;5;4;0;4;1;1;2;3;1;2;3;0;1;2;2;3;1;2;5;2;6;4;6;3;0;4;2;1;4;3;8;6;3;1;1;1;1;1;2;3;1;1;4;7;11;4;7;3;4;3;7;0;6;1;7;1;6;7;9;3;4;2;1;2;4;6;5;5;3;9;3;6;5;2;6;3;2;1;2;6;4;9;6;6;2;2;10;4;6;6;8;4;5;6;6;3;3;3;5;2;3;5;3;4;5
21;Vols avec armes blanches contre des particuliers à leur domicile;4;2;0;0;2;0;2;1;1;3;1;1;0;6;4;1;0;3;0;2;1;0;2;2;0;2;2;2;3;3;3;1;0;1;2;3;3;3;0;0;0;0;3;1;1;2;1;1;4;0;0;0;0;1;1;0;2;0;3;2;1;0;4;1;1;1;1;0;1;2;2;1;0;3;1;0;2;0;0;1;1;4;1;0;1;1;3;4;0;1;0;0;0;0;1;0;1;0;0;3;2;1;1;1;0;0;1;2;2;0;1;2;1;2;1;2;2;1;2;1;2;2;0;3;3;1;1;0;2;3;1;3;2;1;1;1;2;4;1;0;4;5;1;2;2;1;2;2;1;0;0;2;2;0;2;5;1;2;5;6;3;1;4;5;1;2;4;1;1;0;1;2;2;0;2;1;1;1;5;4;0;1;4;1;4;0;0;1;1;3;1;0;1;0;0;0;1;2;2;1;2;1;1;0;4;0;1;1;1;0;2;4;1;0;2;1;2;0;0;1;3;3;3;3;2;2;2;3;0;1;2;4;4;3;6;5;2;1;2;3;2;9;3;1;0;2;3;0;1;0;5;0;1;2;1;5;1;1;3;2;2;1;0;3;4;1;2;1;1;5;3;0;1;2;1;2;1;2;0;0;0;2;1;0;0;2;1;0;1;0;5;2;1;3;1;2;4;1;1;2;2;0;6;1;4;1;1;2;3;1;2;3;1;2;3;1;3;4;0;2
22;Autres vols avec armes blanches;7;16;6;4;8;6;10;13;13;11;6;12;15;8;4;7;3;7;5;6;8;7;7;9;15;13;7;5;5;6;13;10;10;10;8;13;15;7;9;5;9;4;6;10;10;10;8;8;10;5;8;7;11;12;11;7;9;14;18;17;8;5;4;9;11;9;5;8;7;8;16;10;11;9;8;5;9;10;9;6;11;9;10;12;16;9;17;21;4;25;13;14;13;17;18;14;10;12;10;18;11;19;21;21;24;13;25;21;14;19;19;15;20;27;26;20;16;26;28;22;11;16;33;20;17;20;25;16;17;13;13;15;9;11;12;14;16;25;29;23;14;19;16;24;8;18;14;31;24;34;31;25;9;17;25;15;11;14;20;13;21;20;27;30;19;16;22;9;19;28;18;18;27;41;31;21;25;17;22;17;16;18;15;14;14;15;16;13;30;19;28;13;25;16;12;22;14;19;26;24;30;28;27;23;25;12;22;12;22;21;19;17;26;26;26;26;23;14;35;27;19;19;19;30;45;32;23;17;12;22;22;23;40;35;25;25;28;32;25;27;24;36;22;26;37;43;41;35;27;30;44;26;31;32;38;29;42;31;25;33;37;31;35;25;16;29;27;28;16;28;23;28;21;21;33;33;13;18;25;13;18;26;20;27;31;20;20;13;16;16;30;15;27;15;21;17;29;32;17;23;11;12;19;21;26;33;22;15;24;25;34;16;14;20;19;16;23;33;36;31
23;Vols violents sans arme contre des établissements financiers,commerciaux ou industriels;1;2;1;4;3;1;2;1;3;3;0;0;3;0;2;0;2;1;0;3;3;0;1;2;2;5;3;2;2;2;1;2;1;0;1;0;1;1;0;3;1;1;0;2;6;2;1;0;3;3;1;0;2;1;1;2;2;2;1;2;0;3;2;2;5;0;2;0;3;2;2;3;2;1;8;1;1;2;1;0;1;2;1;6;2;1;5;1;0;2;2;1;1;0;3;1;3;2;2;0;1;1;1;3;1;4;3;2;3;2;2;3;2;0;2;3;3;7;0;1;2;5;1;3;5;3;1;1;2;1;0;3;0;0;4;3;4;4;0;3;0;3;3;3;0;0;3;5;0;1;2;2;1;3;2;1;3;0;3;3;5;1;0;4;1;2;2;2;2;4;2;0;1;1;3;1;4;2;6;3;3;5;1;2;1;1;2;3;5;1;1;2;1;1;1;2;1;1;0;2;4;3;2;1;2;6;4;3;2;0;2;0;2;4;2;5;1;0;0;3;3;1;0;2;4;5;4;4;1;2;3;1;3;1;5;1;1;5;1;3;4;4;1;4;1;5;5;0;2;3;2;3;3;3;2;2;4;1;3;8;5;4;1;1;2;2;4;4;1;2;2;2;2;1;5;5;0;3;2;0;1;2;2;4;7;7;8;6;3;4;4;3;3;6;5;3;5;5;2;1;3;3;3;1;4;7;5;11;9;3;9;2;3;1;6;2;4;9;3;4
24;Vols violents sans arme contre des particuliers à leur domicile;2;1;2;2;6;6;1;4;2;1;1;1;2;6;0;4;5;5;3;6;2;3;2;2;3;3;3;4;0;2;2;2;3;3;2;2;1;2;3;2;2;2;2;1;3;1;3;6;2;3;7;4;4;2;0;2;1;6;4;2;4;3;5;3;2;3;3;4;3;5;2;4;4;3;4;1;3;3;1;2;4;5;7;2;3;4;4;2;0;0;6;0;2;3;3;4;4;4;1;1;1;5;1;3;4;2;4;5;0;2;3;3;2;2;4;2;2;3;2;1;3;4;1;2;5;2;4;3;7;0;3;1;1;1;2;3;3;3;3;2;7;3;2;4;2;1;1;3;1;1;4;1;1;0;4;0;3;2;1;4;3;3;8;6;4;2;2;3;1;5;3;3;1;1;4;2;3;3;5;2;2;0;4;3;4;3;1;2;0;3;3;1;5;0;1;1;1;6;8;3;2;5;5;1;3;0;3;5;5;4;6;0;5;6;4;3;0;1;7;2;0;5;4;2;1;4;2;6;5;0;3;5;6;5;5;3;3;3;6;6;4;3;7;2;3;3;2;1;1;2;2;0;5;3;4;0;3;0;5;4;4;2;4;6;2;5;2;4;4;2;5;6;2;3;0;2;4;5;5;2;2;1;2;2;5;3;3;3;1;5;4;3;3;4;1;2;4;4;4;3;2;5;0;4;4;0;0;1;4;2;3;4;1;1;2;1;3;0;2;3
25;Vols violents sans arme contre des femmes sur voie publique ou autre lieu public;49;37;60;71;30;55;48;42;47;55;66;63;72;40;55;44;44;32;36;44;50;35;47;62;61;71;48;31;8;43;44;58;52;71;76;61;56;69;70;51;63;86;84;123;93;69;66;71;59;87;85;80;83;74;87;84;87;112;97;77;97;83;98;89;93;129;125;113;114;103;111;90;114;116;104;92;114;119;87;93;111;114;89;103;75;101;103;96;115;108;107;110;111;99;141;111;102;117;112;146;120;119;102;143;161;99;127;111;122;141;132;121;135;110;107;96;130;124;132;116;102;108;110;137;115;112;77;105;88;115;84;97;65;68;100;97;75;92;99;82;117;85;99;78;77;67;105;78;75;92;126;118;77;76;64;52;45;63;65;54;49;70;64;78;87;74;92;56;64;54;92;58;67;88;80;84;63;90;92;63;61;88;88;89;72;69;66;69;111;114;90;82;72;74;95;87;65;103;75;72;85;80;74;52;30;57;57;72;78;66;54;59;75;74;77;67;38;43;70;73;57;56;53;57;47;54;63;48;46;66;43;50;55;45;62;73;45;56;50;33;37;66;53;65;50;71;60;73;47;45;59;40;30;40;76;56;53;53;48;58;43;51;38;38;33;42;58;45;56;43;34;48;46;43;54;43;37;43;70;44;39;55;76;109;100;66;72;74;49;55;70;53;47;41;43;51;67;71;86;76;41;74;51;73;96;76;52;59;74;75;81;63;42;50;38;55;70;75;79;76
26;Vols violents sans arme contre d'autres victimes;89;82;105;85;49;69;56;43;72;66;75;87;79;69;72;52;40;58;44;41;40;56;76;73;89;72;76;44;27;44;95;83;76;77;84;77;79;76;68;67;73;85;92;91;117;110;90;90;78;88;87;81;115;124;73;101;101;98;111;110;79;133;106;89;94;122;104;117;107;126;147;121;168;108;115;108;107;107;107;124;139;128;125;131;92;134;149;113;154;130;95;125;141;126;173;143;106;120;142;150;110;124;111;153;155;144;175;155;134;151;159;145;148;133;125;96;97;122;104;99;93;108;139;129;135;119;102;114;130;110;110;119;98;89;103;102;110;137;99;94;96;104;120;122;74;87;145;118;130;107;140;108;122;82;104;94;78;91;118;94;103;105;89;90;97;88;103;70;61;81;108;78;86;104;86;86;78;114;117;79;60;99;115;106;85;89;66;88;119;108;112;103;83;74;101;90;95;134;89;103;101;71;82;82;85;72;84;78;89;111;69;74;114;72;85;99;75;79;91;61;81;97;75;70;76;54;79;65;52;77;83;75;73;62;72;93;68;77;93;57;52;67;51;58;63;89;91;75;50;64;73;52;46;41;89;73;54;74;72;57;72;66;67;54;52;40;69;65;41;50;50;48;45;47;76;59;50;63;57;35;52;33;38;46;45;48;53;45;41;46;77;62;28;37;30;37;65;49;62;67;47;46;50;59;51;42;53;19;45;49;36;37;32;39;38;39;23;35;45;36
27;Cambriolages de locaux d'habitations principales;627;440;456;432;449;534;482;445;606;558;452;479;551;358;330;318;390;432;356;467;599;363;526;521;496;550;501;379;214;409;578;608;655;612;509;444;595;631;579;581;574;581;590;813;879;598;570;504;629;612;624;502;549;619;561;673;702;673;690;738;881;717;603;639;648;762;791;764;1091;1071;817;792;839;729;739;766;735;806;725;739;936;717;757;620;774;774;646;600;609;604;571;635;733;762;553;515;620;608;601;565;515;546;475;659;703;606;562;668;706;668;588;493;520;552;595;725;745;715;493;647;709;660;571;609;626;567;609;743;772;723;608;601;736;787;638;711;544;560;484;532;542;485;402;489;544;439;450;322;340;430;405;533;370;434;373;364;419;420;409;415;389;377;500;534;592;413;294;283;426;388;357;382;354;402;462;505;603;462;431;460;549;604;559;462;498;582;536;787;726;515;490;442;543;584;424;432;397;533;407;461;618;400;330;369;512;380;379;407;339;413;348;428;480;369;348;398;369;369;494;383;444;486;554;589;533;421;395;545;554;515;551;614;564;535;509;654;614;568;492;424;493;587;366;507;516;451;398;439;463;425;363;349;553;409;479;401;497;491;463;483;421;360;305;229;355;237;233;280;219;328;278;351;274;353;287;304;283;284;329;307;354;260;296;335;368;376;307;364;339;318;387;290;319;362;374;464;912;511;386;416;360;419;418;429;439;454;395;434;631;513;472;418;511;380;359;490;469;521;527;521
28;Cambriolages de résidences secondaires;33;22;26;29;30;26;27;23;32;31;25;36;33;34;27;31;31;47;27;37;28;32;37;24;34;34;47;45;29;27;44;32;34;24;28;27;40;25;30;29;35;32;34;29;38;26;19;25;23;30;22;35;34;33;18;25;24;39;25;21;24;44;30;35;37;39;25;32;33;34;38;26;32;19;18;33;36;39;31;36;24;41;38;38;28;21;26;32;38;18;27;36;37;26;27;23;17;14;21;29;31;24;24;22;23;21;24;20;26;27;28;25;42;28;25;16;41;29;28;21;25;20;28;21;20;14;15;8;19;23;20;22;32;20;28;21;22;26;9;16;15;10;21;9;13;19;12;14;14;15;17;9;9;10;11;6;5;8;4;11;11;12;15;12;14;16;19;6;6;13;16;15;8;13;11;7;4;3;17;8;8;14;8;16;14;14;7;12;6;7;13;11;11;7;5;11;11;13;12;6;10;11;3;8;10;8;14;15;14;15;9;14;17;9;13;5;15;11;17;9;22;20;16;13;25;18;9;9;12;22;9;11;19;19;12;10;11;8;12;7;4;4;12;11;10;10;22;9;11;9;10;8;20;14;17;10;11;11;8;7;10;19;5;13;5;13;8;11;11;10;9;16;9;5;11;5;9;13;14;12;13;21;26;18;9;22;20;26;10;11;34;11;19;21;9;11;52;13;7;19;15;16;22;13;12;10;13;7;34;7;10;6;21;12;17;17;16;14;13;4
29;Cambriolages de locaux industriels, commerciaux ou financiers;92;116;97;118;115;113;91;69;86;73;73;104;83;96;107;100;104;80;90;71;104;90;125;111;123;166;120;112;98;92;137;128;129;126;144;114;95;127;125;131;162;147;110;106;158;96;118;82;108;126;129;116;114;124;112;134;130;179;175;106;139;116;174;181;127;131;135;141;128;134;105;121;104;112;130;117;110;134;139;153;130;151;160;164;157;159;118;113;118;137;134;137;132;133;128;117;151;165;241;168;146;170;133;125;187;124;154;135;121;125;124;162;122;125;118;105;131;172;147;125;153;174;130;180;174;137;119;115;162;173;132;119;123;140;169;157;190;162;127;130;144;150;117;120;94;150;177;150;195;218;175;177;149;150;161;110;138;123;133;168;209;172;130;182;197;169;136;102;112;152;155;196;130;169;104;193;163;161;193;163;194;188;150;228;182;257;218;176;180;217;139;159;174;185;133;179;200;195;104;191;232;209;191;178;204;171;209;210;163;196;184;154;222;172;155;181;215;191;230;180;195;220;237;210;211;175;152;195;160;191;169;199;211;247;221;204;213;184;224;185;181;216;208;279;268;204;200;225;218;255;252;169;237;191;252;236;324;234;175;245;164;209;159;131;166;160;201;189;161;144;117;181;134;108;153;125;175;150;176;154;168;144;155;132;194;198;211;236;142;184;309;215;237;218;133;134;371;165;177;197;170;208;278;267;266;226;197;189;368;237;239;185;177;259;214;266;199;182;189;218
30;Cambriolages d'autres lieux;70;96;61;79;82;61;63;62;52;64;60;69;79;64;91;93;58;69;49;69;67;96;96;93;96;100;111;118;96;74;108;104;112;125;100;87;104;110;149;135;102;104;67;74;104;85;90;80;116;112;87;103;77;79;76;76;78;106;98;98;73;79;62;108;85;89;79;87;78;67;91;104;81;110;103;101;77;94;101;137;108;117;99;101;57;93;158;166;134;141;128;95;128;125;96;104;97;127;120;142;132;75;92;135;153;121;104;114;111;110;130;136;83;99;96;100;108;124;95;96;69;71;91;92;92;85;98;78;76;98;95;80;84;109;62;113;97;105;61;74;71;74;64;82;82;72;94;83;106;106;101;105;114;84;81;70;97;93;75;81;86;85;78;87;93;93;75;64;55;50;66;79;79;70;89;75;56;51;61;68;84;71;95;107;76;104;76;84;71;83;76;64;79;70;66;83;62;48;48;45;59;60;68;44;55;48;72;61;68;63;59;78;82;46;73;81;59;86;150;70;93;81;91;90;78;95;90;78;80;115;91;108;96;113;116;149;124;108;127;114;119;147;112;157;111;111;141;114;102;148;101;90;111;125;145;121;145;129;106;131;237;128;69;84;65;114;112;158;86;135;98;106;96;98;82;88;95;104;95;72;109;113;92;86;96;89;84;91;89;78;108;85;77;75;67;82;130;72;75;72;55;85;96;106;108;93;90;82;99;95;95;84;84;87;85;103;94;85;92;101
31;Vols avec entrée par ruse en tous lieux;14;5;8;13;9;9;9;6;14;7;6;11;9;10;17;10;9;8;7;12;19;13;15;15;8;26;19;12;2;11;26;15;5;26;13;20;10;9;12;3;5;12;11;11;12;16;15;8;14;8;7;10;13;11;17;9;22;19;17;14;8;6;17;13;11;14;7;11;16;9;7;14;11;17;19;15;23;29;15;16;16;18;17;18;12;13;11;10;14;10;13;9;16;8;11;2;6;3;19;7;10;13;9;12;11;9;10;9;12;10;11;16;18;20;8;8;12;16;29;28;12;21;12;12;20;15;14;17;17;13;9;11;9;13;15;16;10;15;14;15;14;15;7;11;14;25;18;16;12;13;23;17;10;19;16;16;16;17;14;22;22;14;20;18;24;13;21;18;19;20;17;21;16;33;25;15;17;21;36;24;15;17;28;30;16;23;22;34;30;14;15;9;22;23;16;16;27;23;16;22;20;16;28;20;45;28;22;36;30;25;27;29;31;22;31;15;17;25;28;20;23;36;37;45;35;25;24;35;24;38;25;34;50;28;33;18;26;22;38;25;24;27;33;30;33;27;22;20;38;35;22;30;29;38;30;25;26;29;21;21;19;34;21;16;18;13;21;28;26;28;25;45;22;34;62;34;21;21;19;30;16;40;37;25;20;24;26;34;22;23;33;21;22;39;22;16;29;21;22;27;38;26;22;21;14;26;18;14;51;31;21;18;29;22;19;17;10;21;24;13
32;Vols à la tire;337;433;427;460;457;583;495;411;662;527;519;469;350;430;479;338;257;396;324;450;467;283;380;381;369;446;398;181;78;342;566;558;645;540;500;409;384;453;516;423;586;581;487;604;536;429;396;353;384;530;477;485;579;598;505;513;534;508;542;473;445;442;445;538;519;630;592;683;603;510;555;517;420;423;504;512;468;447;444;447;545;451;454;436;438;437;512;484;498;471;502;411;566;456;469;403;361;403;475;419;384;346;361;347;365;356;385;319;272;324;328;323;289;310;265;311;258;282;252;177;178;223;280;255;219;224;214;153;158;180;228;204;216;233;253;234;189;243;218;257;278;186;194;231;190;250;226;180;183;215;228;283;238;234;231;191;201;240;290;225;217;214;196;195;299;195;216;245;183;243;269;261;157;181;245;225;270;216;233;222;171;213;225;186;182;222;215;237;340;286;315;251;186;211;210;184;159;155;90;165;233;188;167;145;192;191;225;193;229;212;185;159;243;213;211;190;168;187;218;208;185;216;193;199;260;186;210;208;130;245;222;197;226;201;248;225;279;262;263;229;178;171;227;289;260;161;225;282;240;265;227;133;137;188;201;236;237;236;289;259;153;228;210;140;122;148;193;175;155;172;188;231;237;176;189;119;124;159;192;150;157;162;149;139;180;161;121;146;82;144;234;136;160;178;163;195;206;151;164;159;133;140;147;133;148;124;87;115;190;134;147;93;89;110;114;113;133;131;138;141
33;Vols à l'étalage;68;56;77;76;68;105;74;68;68;96;60;61;49;41;60;47;45;80;66;54;100;52;66;65;67;53;54;55;33;63;89;89;91;92;93;73;71;79;53;86;93;91;107;87;72;87;81;69;64;83;98;62;65;108;100;71;137;176;111;98;94;82;83;86;95;137;103;122;103;101;81;92;88;87;87;93;95;166;116;103;117;110;125;133;99;89;98;110;112;134;135;118;197;109;139;104;133;158;109;114;134;114;194;171;163;124;148;124;120;172;139;114;208;126;154;118;129;153;119;136;99;131;132;92;131;171;117;103;120;103;92;90;96;71;56;78;99;93;90;100;109;109;86;110;95;88;88;104;80;88;82;80;73;79;99;109;65;80;75;75;92;90;69;75;82;66;70;59;57;113;91;115;107;61;124;93;81;97;75;65;56;148;70;55;91;108;72;76;87;55;70;55;62;34;46;90;62;79;71;48;87;76;53;61;56;49;71;62;65;59;71;66;61;55;66;54;55;52;38;64;68;85;104;104;53;70;66;62;41;60;50;62;94;117;124;54;51;64;59;68;44;74;46;54;30;46;57;45;52;69;43;42;37;38;43;65;51;53;48;54;51;32;38;32;25;18;24;36;101;52;34;37;31;29;30;31;24;37;37;27;30;43;47;62;49;55;27;50;32;24;36;27;21;45;31;32;43;33;57;24;32;29;22;22;40;33;22;25;45;33;36;32;19;34;35;24;36;51;32;23
34;Vols de véhicules de transport avec frêt;0;0;0;0;1;0;0;0;0;0;0;0;0;0;0;0;0;3;0;0;0;0;0;0;0;0;0;0;0;0;0;0;0;0;1;0;1;0;0;0;0;0;1;1;0;1;0;0;0;0;0;2;0;0;0;0;0;0;0;0;0;0;0;0;0;0;0;0;0;1;0;0;0;0;1;0;0;0;0;0;3;0;0;2;1;3;0;0;0;0;0;0;1;0;0;0;0;0;0;0;0;0;1;0;0;1;0;0;0;0;0;0;1;0;0;1;1;1;1;0;0;1;0;1;0;1;0;0;0;0;0;0;0;0;0;1;0;0;0;0;0;0;0;0;0;0;0;0;0;1;1;1;1;0;1;0;1;1;0;0;1;1;0;2;0;1;0;0;1;0;0;1;1;0;1;0;1;2;0;1;0;0;0;1;2;1;1;0;1;2;1;0;0;1;0;2;0;1;0;0;1;0;1;0;1;0;1;0;1;0;1;1;1;2;0;3;0;0;1;1;0;0;2;1;1;0;0;4;1;1;3;2;0;0;0;1;1;0;1;3;0;1;0;1;0;3;2;0;3;3;1;0;0;0;2;1;1;0;2;3;1;4;2;1;2;5;0;4;0;2;2;3;3;1;1;4;2;2;1;1;4;3;4;2;3;3;4;2;3;0;6;3;1;3;0;2;2;1;1;0;0;0;2;3;1;1;1;0;5;1;3;0;2;1;0;1;0;1;1;0
35;Vols d'automobiles;122;124;116;125;125;123;98;90;136;122;123;124;114;89;113;107;85;103;67;67;94;87;103;146;119;106;112;89;67;86;120;149;135;128;101;132;105;132;138;144;133;170;155;149;150;166;152;125;123;127;135;147;142;129;127;124;149;140;156;150;137;158;170;151;171;165;128;161;141;162;148;135;164;144;164;170;140;157;136;147;169;166;170;179;162;157;149;176;153;168;157;173;148;194;173;137;144;147;181;171;147;171;174;173;174;178;168;131;163;193;192;172;187;148;172;213;162;183;173;185;175;168;184;219;160;157;239;170;222;241;237;198;175;189;200;278;223;268;235;255;265;258;200;183;174;211;221;285;300;350;291;334;420;292;290;248;204;292;305;318;327;316;360;330;398;347;312;268;270;311;359;344;353;360;314;432;422;430;397;322;314;495;384;521;487;450;495;488;546;531;374;329;325;363;437;489;440;508;457;530;567;527;403;418;360;327;379;452;384;435;382;421;553;431;378;386;379;351;724;416;542;609;616;593;558;487;588;703;367;508;497;587;566;604;712;651;790;731;699;632;536;560;615;918;811;758;931;856;820;1043;928;826;771;999;970;1051;890;1030;1107;754;524;959;798;633;649;795;934;1058;869;969;762;912;807;810;723;741;701;763;1026;1015;1007;915;799;852;885;1151;965;821;564;573;844;752;849;957;751;696;1173;776;839;640;505;1180;845;829;894;803;853;789;1141;971;808;657;558;644;703;938;892;959;937;763
36;Vols de véhicules motorisés à 2 roues;128;127;107;122;104;70;66;68;84;100;89;104;93;81;95;115;101;81;70;59;73;74;93;80;90;133;123;105;60;60;108;104;113;118;145;120;105;118;147;143;111;129;82;89;86;79;97;80;91;99;89;101;82;65;68;74;80;77;106;108;80;108;134;117;86;77;59;64;80;74;109;88;85;121;127;81;90;58;82;79;78;62;88;119;96;119;123;105;100;78;69;59;61;103;89;99;94;128;129;122;82;102;66;86;95;100;104;111;114;130;90;87;79;87;69;61;80;104;106;119;139;108;128;113;101;100;72;68;80;92;103;121;92;125;108;111;95;91;82;71;104;111;92;109;107;136;118;124;132;120;95;75;119;151;159;168;105;135;168;132;140;125;98;101;111;142;176;147;119;165;170;188;178;142;161;137;140;177;172;139;109;226;203;188;180;168;160;158;230;255;236;169;150;236;244;235;237;209;122;118;133;159;143;180;185;164;212;177;150;144;121;138;183;164;156;186;145;203;195;143;152;159;139;130;132;137;166;155;108;187;156;186;159;143;157;145;154;180;142;108;128;123;122;173;171;154;144;104;122;163;161;151;141;160;168;198;159;156;138;109;94;160;116;125;117;177;174;165;102;141;101;115;96;120;146;193;156;179;230;153;146;129;85;101;135;161;170;177;135;136;184;146;140;135;96;107;144;141;146;135;106;136;130;168;156;165;103;100;159;150;144;140;116;152;126;138;137;126;106;110
37;Vols à la roulotte;523;682;776;878;797;848;874;960;1049;1069;1106;920;824;696;738;679;657;659;629;581;714;577;928;960;736;913;1060;734;366;701;1332;1300;1187;1232;1173;878;796;886;786;832;865;1011;938;1022;1019;1095;1116;857;721;865;1010;1063;1089;1087;866;917;991;832;1085;736;692;763;832;969;923;1075;854;1059;895;1010;988;954;856;1007;985;965;907;856;778;700;913;740;1006;885;640;683;785;968;733;860;883;894;808;807;887;795;729;819;804;829;879;778;758;947;794;805;744;640;637;775;890;900;789;740;658;739;696;769;723;734;604;716;764;904;823;835;749;749;932;996;771;660;641;683;685;823;782;834;640;741;881;1055;762;725;627;732;984;1019;928;1118;1170;1320;1396;1142;1088;921;774;762;864;956;838;803;842;933;991;964;892;687;596;762;872;945;799;889;751;991;817;809;965;617;606;964;912;826;788;925;1012;814;1048;1121;775;667;752;777;976;1047;1069;1215;913;967;1023;882;769;788;766;748;811;876;723;853;793;739;965;785;816;807;705;860;1315;832;954;901;1014;1010;1030;876;929;888;570;903;855;1000;1077;1081;1174;1274;1278;1083;1130;1178;1034;1141;1012;1385;1366;1238;1555;1183;1261;1678;1431;1102;1218;1544;1464;1455;1626;1401;1602;1062;697;1082;1057;692;912;1036;1169;1303;931;1072;847;951;833;900;814;896;804;962;1315;1137;1044;944;751;771;842;1023;985;1007;751;732;1029;865;890;960;668;747;1001;757;832;748;691;999;974;876;925;925;827;820;1015;926;903;789;893;963;876;1183;1051;1039;1091;964
38;Vols d'accessoires sur véhicules à moteur immatriculés;115;140;154;162;151;170;186;200;182;167;215;215;133;126;165;143;149;142;98;96;128;114;153;164;134;167;183;157;86;188;245;227;191;230;195;225;188;168;174;173;187;202;180;167;166;164;142;151;141;139;183;218;184;196;167;210;165;182;186;136;143;203;187;229;194;238;196;272;187;222;211;188;209;201;184;220;202;188;198;200;174;200;216;201;172;221;250;275;278;310;200;239;246;240;236;224;253;257;295;288;300;300;260;299;282;254;298;233;215;314;330;289;307;305;314;305;241;287;351;308;297;244;270;334;290;328;308;244;240;261;281;237;210;232;280;277;305;323;245;272;234;261;222;213;193;231;303;331;324;318;320;353;265;293;300;255;240;249;303;415;338;318;329;323;320;333;372;272;290;302;376;399;357;366;329;466;388;507;410;330;299;434;390;412;438;520;411;336;430;411;295;228;163;307;337;317;219;280;253;203;226;260;272;294;280;368;422;437;402;428;332;380;473;509;383;392;310;512;359;435;591;485;457;502;387;474;452;340;277;442;329;453;481;477;507;420;353;333;373;296;379;407;316;466;411;489;499;281;301;420;341;299;359;322;348;396;317;358;400;255;201;316;236;197;190;198;239;313;254;297;250;237;236;193;258;137;127;148;164;187;191;155;133;120;129;154;144;172;161;143;196;162;198;235;101;131;186;119;140;110;122;126;132;134;134;140;98;120;184;123;121;98;135;127;117;182;144;147;161;99
39;Vols simples sur chantier;16;25;22;32;33;34;31;18;28;28;23;25;15;31;21;24;25;36;29;12;18;19;31;32;20;25;26;15;9;16;26;33;22;31;29;31;16;32;28;32;31;28;25;33;24;23;39;23;19;41;31;27;39;28;18;23;22;26;32;19;22;18;31;16;25;20;26;16;20;24;21;24;13;28;21;19;17;25;30;25;23;29;30;26;13;29;23;19;34;27;36;29;35;21;23;21;21;26;28;26;36;35;29;26;24;21;37;36;37;41;39;42;24;38;28;19;26;35;35;29;38;34;47;49;33;41;40;30;36;29;31;30;30;48;33;44;45;51;71;43;43;30;39;44;31;37;50;40;53;37;37;26;30;26;28;34;14;28;34;39;47;30;37;25;22;23;57;44;43;36;52;44;44;37;37;35;25;41;57;37;29;60;35;59;45;51;44;37;47;44;44;49;63;44;47;56;53;70;41;37;27;34;28;30;22;30;28;38;32;41;29;12;19;30;32;25;16;17;35;22;34;29;26;22;19;27;23;22;19;16;29;19;17;24;31;17;23;24;27;25;29;30;27;24;20;24;22;21;19;25;27;21;24;24;33;19;33;33;24;13;23;28;24;18;19;17;19;26;22;33;26;31;17;17;19;17;22;15;26;21;11;24;26;19;18;15;9;24;19;25;12;16;21;29;11;7;27;23;29;12;18;19;24;17;18;32;18;5;35;27;22;16;27;24;12;34;24;27;26;8
40;Vols simples sur exploitations agricoles;2;6;9;4;11;5;6;1;5;2;3;7;4;3;4;4;7;4;2;4;1;3;4;5;7;6;10;9;8;3;2;1;5;3;7;5;5;9;6;9;5;3;0;3;9;8;5;7;4;4;3;7;6;7;3;4;4;3;7;4;6;2;7;8;8;9;4;10;5;3;7;5;4;8;2;9;9;10;5;6;5;12;6;6;7;8;8;14;8;7;7;6;12;15;12;14;11;12;15;15;15;13;15;13;15;13;20;13;7;12;19;19;18;11;11;7;12;8;20;16;7;13;14;14;17;8;2;4;4;6;4;7;11;7;13;17;21;17;13;7;13;6;7;8;8;8;12;9;8;6;3;1;5;6;8;7;4;5;6;4;5;5;2;2;9;12;1;1;11;8;28;14;11;7;7;6;6;6;5;2;4;14;8;10;11;8;5;8;9;10;7;7;6;3;8;9;4;4;1;7;9;3;5;2;8;7;6;7;5;2;2;3;7;4;7;5;5;6;6;2;3;5;4;5;4;8;6;3;4;4;4;7;5;5;3;8;9;6;9;6;7;8;7;8;5;5;2;2;8;6;7;5;7;6;9;6;2;2;3;1;9;10;5;2;6;5;5;5;3;1;5;1;5;10;7;3;5;3;9;5;8;3;8;5;7;14;4;7;9;8;7;4;10;6;5;2;9;5;8;9;5;1;4;7;10;3;1;1;12;7;7;5;4;9;6;6;5;1;0;2
41;Autres vols simples contre des établissements publics ou privés;85;112;99;92;88;104;81;85;90;82;84;80;92;67;81;69;61;109;84;67;83;76;92;109;82;105;97;72;46;58;102;121;109;136;125;128;128;138;115;139;114;115;104;138;114;123;123;128;114;125;152;99;120;156;129;128;134;146;120;138;134;115;151;119;130;172;119;176;147;133;149;135;132;137;144;131;124;129;89;109;128;126;125;152;135;186;179;127;116;146;106;124;145;168;169;156;117;189;190;170;207;169;305;176;191;365;294;246;186;310;259;357;220;257;205;235;206;265;263;292;292;269;167;208;192;205;146;186;169;206;239;195;233;215;190;255;207;230;206;193;205;205;209;233;155;189;225;208;203;214;198;178;186;189;232;199;197;228;281;216;205;257;268;217;209;168;223;189;184;219;265;205;196;180;170;159;139;164;170;147;147;157;166;125;171;190;150;173;162;175;163;154;164;196;179;152;181;187;158;150;171;129;139;174;143;142;158;136;149;169;152;160;180;180;205;174;152;144;121;135;146;175;167;150;154;146;184;188;140;186;109;143;186;127;149;139;135;135;136;111;106;122;140;142;124;89;98;93;100;115;145;128;97;128;121;117;150;155;122;119;97;120;92;89;74;94;93;100;94;122;78;106;88;95;89;90;98;89;97;78;92;123;61;94;115;101;96;98;73;77;115;80;82;101;62;76;135;65;96;82;69;98;135;55;73;71;79;64;142;72;108;71;98;97;113;87;98;101;106;55
42;Autres vols simples contre des particuliers dans deslocaux privés;447;428;405;380;370;388;320;346;411;402;419;388;374;392;440;372;355;429;340;383;414;398;415;506;484;488;515;385;224;265;408;488;458;367;454;457;415;462;454;428;439;438;368;406;363;387;486;366;440;451;418;418;352;410;319;425;435;400;433;494;507;448;541;451;376;471;382;376;315;384;372;405;405;446;475;417;412;438;391;414;414;369;428;389;429;490;527;530;421;417;318;364;344;390;429;383;342;460;390;384;336;354;306;315;359;319;340;361;375;396;334;342;332;339;308;308;277;366;386;411;365;402;391;410;324;352;281;327;305;356;394;375;358;401;435;451;348;378;355;348;344;335;337;377;343;391;384;329;329;335;289;320;288;306;324;345;359;357;347;337;330;299;233;276;292;301;328;316;298;330;325;330;305;279;236;306;243;340;351;319;322;368;300;291;280;356;255;288;358;318;383;298;342;366;434;379;307;367;239;236;273;251;293;289;280;279;316;268;271;258;240;239;318;224;259;324;250;292;344;282;274;321;324;279;312;308;322;358;291;356;341;391;397;376;360;274;279;296;404;283;256;308;301;347;364;297;277;297;271;290;440;346;329;332;354;292;307;320;317;232;231;303;255;237;198;264;294;271;244;285;227;272;244;252;265;241;269;300;317;292;293;330;243;274;219;324;313;353;323;253;328;229;256;261;206;193;344;242;277;259;291;283;323;293;370;249;183;201;373;278;326;271;239;272;251;269;246;275;250;239
43;Autres vols simples contre des particuliers dans des locaux ou lieux publics;693;588;644;616;550;667;589;411;501;567;638;691;567;627;709;552;447;530;389;412;464;376;559;746;676;821;681;380;152;374;659;721;686;732;797;803;674;802;778;692;722;764;631;657;659;711;873;828;735;800;786;699;653;733;519;614;629;727;777;740;627;718;779;703;617;710;648;678;647;673;767;733;720;744;711;661;580;642;605;590;669;664;730;775;595;681;836;688;652;783;587;660;752;829;817;900;778;851;942;781;913;906;858;890;842;757;879;892;733;869;916;876;851;760;772;829;837;886;911;850;785;816;1027;964;755;805;707;817;821;869;955;896;789;786;871;956;887;882;738;810;883;831;793;798;724;853;811;748;760;853;659;744;746;718;740;658;615;664;818;702;635;711;663;617;582;600;724;685;584;781;803;710;664;688;687;670;627;694;765;719;584;604;788;698;657;722;612;606;766;727;821;727;664;877;798;783;737;812;720;740;864;756;798;776;669;711;833;680;766;773;680;703;755;634;859;782;629;705;590;623;621;646;593;556;610;600;613;535;490;663;591;568;584;589;677;618;581;554;603;467;436;518;518;554;576;569;546;482;497;648;545;396;455;481;544;506;481;593;648;514;378;647;426;429;397;453;537;526;458;497;507;532;458;478;459;326;314;422;463;437;353;478;318;370;344;421;353;417;308;320;442;305;315;400;288;321;409;417;382;361;309;293;399;374;373;361;335;297;414;359;380;300;275;341;351;314;264;357;328;398
44;Recels;68;49;61;56;66;73;77;46;55;72;83;66;53;44;76;53;62;57;55;61;55;70;66;70;43;48;57;70;23;42;82;98;54;50;68;66;59;47;69;61;57;72;69;51;47;67;77;82;56;53;55;65;70;67;56;73;58;53;70;53;60;48;65;69;61;74;59;62;53;44;56;78;57;64;64;72;71;74;92;66;61;71;82;88;48;70;67;70;70;68;72;64;101;72;89;53;58;52;62;59;67;76;78;66;59;76;88;54;60;70;72;70;79;73;68;76;72;71;83;57;58;64;193;60;57;49;36;51;84;63;59;56;58;30;53;104;56;65;59;61;68;44;49;48;40;73;44;57;49;61;42;40;61;47;57;63;49;53;58;61;33;35;52;51;68;43;47;53;45;70;69;43;46;57;45;43;49;127;77;48;45;56;67;59;60;65;52;57;70;58;60;79;56;57;50;39;49;49;39;36;67;60;73;36;30;39;46;76;46;55;64;62;58;55;39;59;41;45;39;32;52;73;44;47;40;50;46;43;25;49;47;46;57;64;50;33;48;47;38;36;27;70;39;63;47;51;26;54;24;77;53;39;36;37;25;47;28;49;50;37;57;62;56;32;12;63;37;65;42;46;44;33;60;83;52;57;15;40;52;20;37;45;35;40;40;42;28;35;31;28;44;199;33;52;26;46;128;53;41;46;66;218;108;33;64;24;26;25;309;54;37;29;33;33;37;34;62;31;50;48
45;Proxénétisme;2;2;2;1;1;0;0;1;2;2;1;0;1;3;1;0;1;2;1;0;1;1;1;1;1;0;0;0;0;1;0;2;2;0;0;0;1;2;1;0;0;1;0;0;1;0;2;1;2;2;2;1;3;1;3;1;2;2;1;0;0;0;2;1;1;2;2;2;3;1;1;1;2;0;1;0;1;1;4;0;1;0;1;2;3;0;1;1;2;3;1;2;1;1;2;5;0;2;2;1;1;1;2;2;2;1;4;0;2;2;2;0;1;2;2;2;0;0;2;2;1;1;1;0;2;1;1;0;1;1;4;3;2;0;2;2;2;2;3;2;3;5;0;0;1;2;1;2;4;1;3;1;4;1;3;2;0;1;6;1;2;4;1;1;1;1;0;1;1;1;2;2;5;0;1;2;2;3;1;0;1;5;0;2;3;4;0;0;1;2;6;1;3;0;2;3;3;2;3;1;4;3;1;1;1;1;2;4;2;3;0;2;2;3;1;2;3;3;1;2;1;0;2;2;0;4;0;1;3;1;1;0;0;2;3;2;0;3;1;0;1;1;4;1;1;1;2;1;2;0;1;2;1;0;1;1;0;0;2;3;0;6;0;3;1;0;0;0;1;0;0;1;0;0;0;0;2;0;0;1;0;1;1;1;0;1;1;0;0;1;0;1;0;2;0;1;0;1;4;0;0;0;4;1;1;0;0;1;1;2;1;1;0;1;0;0;1;0;0;0
46;Viols sur des majeur(e)s;39;46;35;50;31;43;42;39;49;38;53;42;34;44;37;26;26;38;27;21;30;17;19;28;23;29;26;24;10;18;23;27;27;30;37;24;19;21;27;22;32;23;20;20;19;24;24;25;29;28;14;12;18;15;17;22;14;23;20;9;15;16;13;16;13;16;21;22;17;13;15;12;21;15;21;7;9;16;15;21;15;9;11;17;14;9;7;14;11;18;13;10;9;15;7;14;17;12;9;10;12;10;12;8;24;11;11;2;8;11;12;10;8;6;17;10;19;10;8;5;5;8;10;7;10;14;12;11;9;7;5;9;17;7;9;12;5;7;6;7;8;21;8;6;8;11;8;6;13;11;3;11;3;6;7;6;12;5;12;7;7;10;4;9;9;5;11;3;5;6;9;6;7;5;7;15;6;8;7;7;9;9;7;4;8;8;10;3;8;4;8;8;9;6;14;6;5;8;9;8;10;7;14;11;8;9;6;9;8;8;6;8;7;6;8;9;9;10;9;12;6;12;7;7;12;8;5;6;7;13;9;9;13;15;12;4;0;3;7;9;9;7;8;9;5;5;7;6;3;4;12;3;6;11;10;5;13;8;13;1;8;2;7;6;7;2;9;2;1;3;5;3;8;5;4;2;4;0;3;3;2;1;1;2;5;1;3;2;4;4;7;4;3;4;1;2;8;3;4;2;2;1;1;2;2;4;3;0;7;3;4;0;2;2;2;1;1;0;0;1
47;Viols sur des mineur(e)s;22;23;36;36;34;26;29;31;33;43;27;24;28;29;38;23;24;31;23;20;26;20;22;17;14;27;26;14;8;15;28;33;25;16;33;22;11;17;29;18;20;17;21;13;6;26;16;15;8;17;14;9;10;17;8;8;15;20;14;9;10;11;18;10;2;4;16;3;2;9;10;11;13;10;15;15;10;16;9;15;14;12;21;12;5;12;7;14;4;10;8;10;11;11;15;7;5;11;10;10;29;17;9;13;11;8;4;10;7;14;6;8;7;9;8;10;7;11;10;5;9;12;6;14;6;7;4;15;6;18;5;4;10;11;7;4;11;11;6;7;4;9;9;8;9;4;8;4;3;10;9;3;2;7;3;2;5;2;12;6;6;6;0;7;5;4;10;5;9;7;3;5;7;13;4;13;4;11;7;7;5;6;5;3;4;9;7;6;4;7;5;4;5;11;8;3;4;10;9;3;4;5;2;5;3;8;4;8;2;5;5;12;7;6;9;7;4;7;11;12;8;5;7;7;4;4;9;9;5;7;6;12;5;15;4;1;8;5;7;11;4;4;8;8;11;8;11;4;10;6;5;13;9;6;5;7;9;3;4;5;7;7;7;3;2;5;6;11;6;6;10;8;4;9;2;1;0;4;7;2;3;3;1;2;1;6;1;4;9;1;4;0;9;2;0;3;5;3;2;1;3;2;6;3;2;4;3;1;2;8;5;2;3;2;3;2;1;4;5;6
48;Harcèlements sexuels et autres agressions sexuelles contre des majeur(e)s;30;39;34;43;44;42;42;35;42;39;34;33;26;26;39;30;24;25;22;23;29;20;26;32;26;21;28;21;9;23;35;30;28;36;27;33;17;35;26;23;21;25;20;19;19;25;38;27;36;30;27;29;19;34;16;24;28;22;27;23;22;24;28;19;21;26;17;18;26;18;16;17;22;23;16;18;19;25;9;17;17;19;29;20;13;20;16;14;24;20;12;15;12;16;20;20;18;13;23;18;16;15;9;12;12;11;21;11;10;9;19;17;9;15;14;12;17;11;28;9;12;18;14;10;13;12;12;9;10;20;11;15;13;12;7;19;10;4;6;17;9;15;17;11;11;12;11;7;7;6;7;16;13;9;16;10;15;17;21;6;11;14;7;8;5;6;6;11;12;13;18;13;10;4;7;10;4;12;13;14;11;10;15;9;9;11;9;9;8;10;13;8;7;12;11;11;7;9;4;13;10;15;7;13;13;19;10;3;7;5;8;5;14;12;12;9;5;5;9;18;8;10;9;8;9;4;8;14;11;10;9;7;11;15;6;15;10;4;8;6;6;9;8;15;8;10;7;7;4;12;10;5;9;4;7;5;4;7;6;6;9;13;4;7;7;9;8;5;9;4;7;9;4;3;7;4;17;9;13;4;1;9;7;3;6;6;16;3;4;7;8;5;4;5;7;9;11;8;9;10;5;6;24;6;6;17;7;3;12;15;6;3;5;11;10;6;8;5;10;9
49;Harcèlements sexuels et autres agressions sexuelles contre des mineur(e)s;31;33;51;37;46;42;37;40;54;35;46;44;28;36;33;34;34;35;30;40;46;18;44;24;30;19;43;26;12;20;35;19;30;41;32;22;13;23;31;29;36;32;22;18;20;34;14;27;29;19;18;20;14;31;27;23;29;22;23;10;19;13;18;21;13;26;22;14;12;12;16;18;24;17;20;20;17;35;11;21;13;16;16;24;8;13;12;23;15;16;17;7;20;24;22;13;14;15;14;10;32;18;13;14;15;9;15;12;17;7;15;23;21;13;23;11;20;14;16;14;8;20;17;11;15;17;20;18;11;15;9;14;15;22;22;13;13;16;14;14;4;15;11;11;7;5;7;15;8;4;8;8;13;8;13;7;11;19;15;11;8;12;13;11;13;9;9;8;5;16;14;7;17;5;8;13;4;17;10;9;5;12;13;10;8;13;12;14;9;14;6;7;8;18;14;16;6;5;10;7;7;7;7;12;2;6;7;7;10;8;12;7;21;9;10;13;10;23;13;11;10;18;10;13;11;10;13;16;13;19;8;15;11;29;19;6;12;12;11;14;12;12;18;8;10;8;9;7;10;19;9;12;6;7;15;18;11;7;11;7;15;12;16;12;2;6;14;8;8;8;10;11;12;2;8;6;5;9;10;3;4;17;2;8;7;10;7;7;8;8;11;7;11;3;5;7;11;5;7;9;3;10;26;5;10;19;5;2;13;5;3;4;8;9;5;1;9;8;12;3
50;Atteintes sexuelles;28;26;24;36;25;17;26;30;26;13;31;23;23;31;33;25;31;22;24;27;18;23;23;24;32;32;27;22;9;22;21;20;21;33;19;17;15;27;26;29;25;25;32;14;22;21;34;31;26;21;21;26;31;22;15;26;21;13;25;15;25;18;29;24;18;21;21;17;12;14;14;21;10;27;23;31;15;15;17;23;22;13;32;13;11;11;31;17;14;16;10;16;13;22;11;14;9;19;22;13;26;13;13;16;11;16;12;17;9;18;22;20;17;18;20;21;12;11;15;19;18;13;20;10;12;16;16;23;14;18;19;21;25;20;31;24;15;17;15;25;17;22;25;23;14;16;14;9;9;20;15;25;18;27;24;23;15;14;22;21;11;24;24;19;17;13;16;18;23;22;22;18;21;18;18;18;19;25;33;17;18;8;24;28;13;23;20;18;20;16;29;22;20;29;23;21;12;31;28;28;34;26;35;32;23;35;50;23;33;44;35;36;38;60;35;40;26;19;20;26;20;30;17;20;29;29;34;24;19;14;20;12;23;20;13;10;11;8;11;11;13;11;16;11;13;10;6;14;19;11;12;13;13;15;13;13;8;18;4;3;15;8;19;7;9;9;10;2;10;5;10;10;7;5;9;10;12;14;17;16;7;9;5;9;13;17;9;11;16;9;28;6;15;7;6;7;16;12;13;16;15;18;15;10;10;8;14;12;14;11;5;14;13;10;11;8;6;7;11;12
51;Homicides commis contre enfants de moins de 15 ans;0;0;1;0;0;0;0;0;0;0;0;0;0;0;0;0;0;0;0;0;0;0;0;0;0;0;0;0;0;0;0;0;0;0;0;1;0;0;0;0;0;0;0;0;0;0;0;0;0;0;0;0;1;0;0;0;0;0;0;0;0;0;0;0;0;0;0;0;0;1;0;0;0;0;0;0;0;0;0;0;0;2;0;0;0;0;0;0;0;0;0;0;2;0;0;0;0;0;0;0;0;0;0;0;0;1;0;0;0;0;0;0;0;0;0;0;0;0;0;0;3;0;0;0;0;0;0;0;0;0;0;0;0;0;0;0;0;0;0;0;0;0;0;0;1;0;0;0;0;0;0;0;0;0;0;0;0;0;0;0;0;0;0;0;0;0;0;0;0;0;0;0;0;0;0;0;0;0;0;0;0;0;0;1;0;0;0;0;1;1;0;0;0;0;0;0;0;0;0;0;0;0;0;0;0;0;0;0;0;0;0;0;0;0;0;0;0;1;0;0;0;0;0;0;0;0;0;0;1;0;0;0;0;0;0;0;0;0;0;0;0;1;0;0;0;2;0;0;0;0;0;0;0;1;0;0;0;0;0;0;0;0;0;0;0;0;0;0;0;0;0;0;0;0;0;0;0;0;0;0;0;0;0;0;0;0;0;0;0;0;0;0;0;0;0;0;0;0;0;0;0;0;0;0;0;0;0;0;0;0;0;0;0;0;0;0;0;0;2;0
52;Violences, mauvais traitements et abandons d'enfants.;78;98;130;112;113;114;117;100;114;121;120;132;49;81;131;97;102;126;90;96;90;111;104;97;80;92;77;73;49;67;99;104;80;103;130;123;52;54;88;118;117;90;79;86;69;97;88;77;52;64;90;92;82;78;79;80;75;86;82;67;40;62;80;76;61;73;63;53;54;64;52;51;31;34;78;86;70;72;64;73;71;65;80;34;50;49;53;53;44;61;48;45;62;60;57;46;25;41;58;44;72;37;45;63;53;32;47;30;26;44;51;28;34;33;35;39;35;29;46;47;26;55;39;31;35;42;30;39;23;31;37;27;18;22;49;52;39;29;34;21;45;32;37;37;29;18;50;26;24;20;23;26;20;20;34;26;25;20;27;34;21;37;15;31;36;19;20;24;19;19;34;39;19;28;30;11;17;27;20;18;10;16;24;20;29;30;22;20;31;29;22;23;17;24;21;16;35;28;28;10;16;18;27;24;11;19;27;26;18;18;19;20;29;23;22;10;15;19;8;13;16;18;16;14;16;10;27;16;20;14;14;14;16;16;15;5;9;8;10;12;2;5;5;5;7;12;6;2;3;10;13;7;6;1;6;12;7;4;5;6;9;8;11;6;5;6;3;1;7;5;3;7;4;14;2;6;2;6;13;4;6;11;9;4;6;5;7;5;3;3;9;4;4;8;4;2;4;2;5;7;5;4;9;3;7;3;0;1;4;4;3;2;2;1;3;2;3;2;4;2
53;Délits au sujet de la garde des mineurs;120;140;96;88;88;137;129;89;121;186;94;74;76;97;109;91;96;83;116;98;109;83;126;97;62;102;95;112;39;59;94;90;95;53;83;101;77;52;56;81;88;77;55;75;62;52;74;79;56;66;75;71;74;70;54;49;64;60;92;59;68;46;65;57;72;64;76;69;69;48;85;73;60;58;42;58;52;59;52;52;67;55;69;81;59;57;48;47;46;63;59;53;65;54;69;50;64;48;52;58;53;63;66;49;85;57;70;51;41;38;33;45;46;39;50;32;51;52;62;52;46;50;41;59;41;36;47;40;57;51;52;44;40;34;35;40;46;50;45;37;52;41;45;35;27;15;40;42;44;39;49;43;45;39;40;40;22;46;61;41;33;39;38;34;37;32;43;43;37;32;33;28;26;25;31;33;40;36;28;28;28;35;31;31;22;24;39;44;40;67;49;60;59;35;46;50;35;34;45;42;76;54;52;51;40;29;32;48;49;31;41;36;52;47;44;47;48;34;30;31;48;39;48;47;41;41;62;60;41;52;39;25;52;48;55;33;40;35;49;36;51;21;41;42;38;27;42;28;42;29;34;32;26;31;24;24;43;27;29;37;30;37;23;32;27;13;30;23;27;26;23;32;22;24;22;17;9;18;21;36;19;19;19;24;29;25;17;31;26;12;32;18;15;20;14;14;45;17;26;31;25;15;17;20;18;15;12;11;31;16;29;16;26;6;12;32;23;15;17;13
54;Non versement de pension alimentaire;14;9;13;21;18;14;9;11;29;68;22;8;13;14;15;13;14;15;15;14;18;21;15;18;14;15;18;16;4;12;16;28;17;20;19;16;19;12;19;24;20;20;16;24;19;20;23;18;18;18;14;23;25;21;13;18;11;19;21;16;19;15;21;16;22;36;17;16;12;20;24;30;11;16;28;21;22;27;22;20;28;15;32;28;13;27;24;25;21;33;12;21;29;19;22;26;22;23;23;25;35;31;27;29;15;18;30;25;23;31;18;29;22;19;27;33;30;25;29;25;14;25;26;30;29;29;20;23;16;23;27;23;26;28;22;28;17;27;28;34;25;18;24;22;24;17;17;13;33;30;25;39;20;23;24;25;22;18;29;27;22;21;15;17;28;25;30;20;14;10;21;12;21;17;26;19;14;16;19;17;16;20;18;25;16;15;17;29;19;19;34;32;20;18;27;21;20;25;27;16;37;30;25;22;23;25;31;23;23;25;28;27;25;28;19;23;20;25;25;21;34;36;32;23;25;24;21;26;25;22;17;11;27;32;16;20;25;25;21;14;13;14;15;14;22;16;22;19;24;17;20;29;24;21;26;14;20;15;9;17;13;21;20;18;13;15;15;22;22;19;22;16;14;14;19;10;8;16;22;15;13;14;13;21;17;15;19;25;11;11;26;12;9;27;7;9;20;19;30;22;18;21;21;20;15;19;11;9;18;15;10;14;15;17;16;16;17;20;36;15
55;Trafic et revente sans usage de stupéfiants;44;41;45;52;59;63;55;58;58;52;62;79;45;26;60;60;36;37;27;31;14;22;21;28;18;6;11;6;7;7;14;23;18;35;35;46;38;28;11;19;18;15;14;19;12;18;26;10;8;14;22;21;15;26;31;19;14;22;14;10;8;8;24;14;14;15;13;14;15;21;6;9;9;8;10;7;12;11;14;10;7;6;9;7;4;6;7;8;10;12;3;10;4;8;9;10;2;5;5;10;10;4;5;5;5;6;3;4;5;6;10;8;7;11;10;11;1;6;5;2;2;4;8;6;5;2;3;4;2;8;2;7;4;4;4;2;6;4;3;9;4;9;1;2;3;3;5;9;5;5;7;3;6;6;5;7;1;3;5;5;3;8;3;9;6;2;7;2;7;1;4;8;2;2;3;0;4;1;2;3;1;3;4;1;3;5;4;5;2;2;3;6;1;0;0;1;2;3;4;0;5;2;0;2;0;2;2;3;2;2;2;1;2;3;4;1;2;1;2;5;3;6;2;4;2;3;4;2;1;2;4;8;5;4;4;0;4;4;3;3;1;4;3;2;1;1;3;1;3;3;4;4;4;1;6;5;5;4;4;1;5;8;4;7;3;2;1;3;1;8;3;6;8;17;16;21;12;8;17;16;18;11;8;21;10;15;25;26;10;3;5;14;13;12;8;12;18;7;8;5;5;6;7;8;6;5;11;6;11;14;14;7;14;6;7;6;8;5;23;7
56;Usage-revente de stupéfiants;79;65;52;58;51;73;56;64;30;54;41;77;48;46;75;61;80;92;56;78;55;76;79;79;60;42;44;71;19;63;97;122;67;84;79;67;73;88;69;67;84;61;77;72;41;79;102;106;67;54;92;74;83;119;44;120;75;76;86;55;53;60;75;55;62;114;68;48;53;58;40;41;41;31;41;35;30;42;56;29;23;32;49;68;22;15;26;56;38;32;41;35;35;32;33;30;14;32;32;29;35;24;18;13;18;20;13;18;18;12;24;28;8;21;20;36;32;32;36;16;22;21;13;18;23;30;34;27;15;33;37;37;13;30;26;36;19;13;14;24;40;16;17;12;13;10;31;21;19;8;20;20;26;21;23;22;7;16;32;22;22;24;17;17;23;6;46;23;7;22;36;14;11;17;36;30;49;7;16;34;23;29;21;35;13;21;32;8;16;21;23;30;15;15;16;22;28;14;20;19;36;23;20;18;12;14;4;23;20;30;28;25;26;18;25;24;15;16;22;38;20;29;10;13;22;15;30;19;16;14;20;51;37;26;22;22;18;27;19;21;26;24;61;19;26;18;13;13;15;17;23;24;7;14;24;26;11;22;24;10;28;35;19;37;29;14;24;14;24;16;29;19;21;16;7;20;27;17;20;28;26;22;25;22;14;14;32;27;12;17;13;21;11;37;5;55;68;11;81;26;17;19;44;20;18;25;33;18;40;38;64;39;27;22;20;21;35;7;18;12
57;Usage de stupéfiants;346;326;408;416;388;397;351;375;321;304;331;356;177;170;263;283;267;304;339;216;169;239;259;290;118;124;121;161;78;148;228;205;150;209;206;197;169;188;208;219;182;210;198;186;142;250;264;228;178;197;243;229;254;310;240;325;241;253;259;259;214;198;249;242;199;336;254;269;240;283;295;343;209;213;223;242;329;383;311;364;269;268;444;361;262;250;322;280;318;337;281;325;242;267;319;309;194;245;210;298;368;320;254;280;298;303;343;274;223;273;310;322;274;319;331;292;344;222;370;223;195;212;212;160;221;305;227;244;199;251;256;234;161;148;139;161;158;179;129;195;198;144;224;127;144;131;123;117;142;158;164;133;151;144;149;184;121;149;117;130;127;198;98;143;142;141;152;119;154;98;149;155;138;136;168;144;122;125;210;119;138;133;171;103;73;124;115;132;98;122;181;128;104;127;107;133;88;130;152;85;101;122;113;95;68;139;106;119;78;132;123;88;91;91;116;143;79;89;57;115;130;138;98;95;58;115;113;115;80;83;92;100;97;70;62;102;58;72;90;61;43;73;107;67;103;80;26;58;50;103;84;79;36;54;74;102;56;51;52;47;75;166;61;95;46;22;54;63;71;113;79;57;100;88;21;75;44;30;85;38;64;58;69;54;38;44;51;76;31;29;41;31;45;56;14;76;94;40;115;73;41;81;101;60;36;52;86;26;165;93;146;97;47;89;34;53;73;25;110;40
58;Autres infractions à la législation sur les stupéfiants;2;1;4;3;1;1;5;2;4;2;2;3;1;2;3;8;4;6;5;0;3;4;2;2;1;5;4;1;0;1;9;5;1;0;2;1;2;2;2;0;1;2;3;5;2;3;1;1;4;1;0;3;1;1;4;3;0;0;0;0;0;0;0;2;0;0;0;0;2;0;1;2;3;1;3;0;0;3;3;3;2;3;1;3;2;2;0;0;2;2;1;0;2;0;1;2;1;3;1;0;1;3;0;0;0;1;4;1;0;2;1;0;1;0;1;0;1;3;0;6;10;4;0;1;1;2;2;4;3;1;3;5;2;2;8;13;23;11;12;6;14;22;14;18;9;4;10;6;6;7;1;11;11;13;5;5;6;5;8;11;7;5;5;3;23;10;7;22;8;9;7;14;9;9;11;10;6;13;13;11;13;10;10;3;8;9;10;14;14;11;15;10;10;5;6;6;8;9;9;12;19;10;20;11;5;11;7;14;5;11;6;8;12;11;10;15;13;11;7;6;5;13;7;9;7;3;14;8;23;7;6;5;11;7;3;6;6;4;8;7;4;5;9;4;4;3;0;3;6;4;6;11;3;2;10;2;0;3;4;1;4;4;3;1;3;4;5;3;5;60;19;7;4;3;0;1;2;1;3;0;2;4;1;3;2;1;15;5;3;0;1;1;1;5;1;3;11;2;5;4;6;8;4;3;8;3;1;4;18;17;20;9;13;7;1;1;11;4;17;4
59;Délits de débits de boissons et infraction à la règlementation sur l'alcool et le tabac;9;11;14;4;12;18;10;15;6;16;11;9;5;2;10;8;10;13;13;8;6;11;14;13;9;4;10;6;2;4;8;11;5;9;8;9;9;5;8;12;8;11;10;11;3;6;11;2;6;7;11;10;13;15;9;7;10;13;10;11;9;10;13;11;12;5;10;15;6;9;9;8;8;6;13;9;11;18;26;9;18;7;13;22;3;14;13;11;9;3;8;15;18;9;10;9;10;11;0;1;4;2;0;1;1;2;0;0;1;1;0;2;2;1;0;1;0;0;0;2;1;0;2;0;0;0;0;1;1;0;0;1;0;0;2;0;1;1;1;0;1;0;2;0;1;1;1;1;0;1;0;0;0;1;1;0;2;2;0;0;0;1;0;1;1;0;1;1;0;2;3;0;1;0;0;0;1;1;0;0;1;2;2;1;1;0;0;0;0;1;0;0;4;2;3;2;2;0;0;1;2;0;0;0;1;0;0;0;1;1;0;0;1;0;0;0;0;0;0;0;0;1;0;0;0;0;0;1;1;0;0;0;2;3;1;1;2;1;1;0;2;0;0;0;0;0;1;0;1;4;0;0;2;0;0;0;2;1;0;1;0;1;2;1;1;0;2;0;1;1;2;0;1;0;0;0;0;0;1;0;2;1;0;0;1;0;0;0;0;0;0;0;0;0;0;0;3;0;1;0;1;3;0;0;2;2;0;0;4;1;0;0;1;4;1;2;0;0;3;0
60;Fraudes alimentaires et infractions à l'hygiène;0;0;2;0;0;0;1;0;0;0;0;1;0;1;0;0;0;0;0;0;0;0;1;0;0;1;0;0;0;0;1;0;1;0;1;0;1;1;0;0;0;1;1;1;2;1;0;0;0;0;0;0;0;0;1;0;0;0;1;0;0;1;0;2;0;0;0;0;1;0;2;2;0;2;0;0;0;0;0;0;0;1;0;0;0;0;0;1;0;0;0;0;0;0;0;1;0;0;0;0;1;0;0;1;0;0;1;0;0;0;1;1;0;0;0;1;1;0;0;0;0;0;0;0;0;0;0;0;0;0;0;0;0;0;0;0;0;1;0;0;0;0;0;0;1;0;0;0;0;0;0;1;1;0;0;0;0;0;0;1;0;0;0;0;2;0;0;0;1;1;0;0;1;0;0;1;0;0;1;0;0;1;0;0;0;1;0;0;0;0;0;0;0;0;0;0;0;1;0;3;1;0;1;2;0;0;0;0;6;2;0;1;3;1;0;0;2;0;0;1;2;0;0;0;0;0;0;1;0;0;0;3;1;5;1;0;1;0;0;0;0;1;1;0;0;0;1;2;0;0;0;0;0;0;0;1;0;0;0;0;0;0;1;0;0;0;0;0;1;0;0;0;1;0;0;0;0;0;0;0;0;0;0;0;0;1;0;1;0;1;0;0;0;0;0;0;2;0;0;0;0;1;0;0;0;1;0;0;0;1;0;0;1;0;0;1;0;1;2;0
61;Autres délits contre santé publique et la réglementation des professions médicales;1;1;0;3;1;2;1;4;2;1;1;1;0;0;1;1;3;3;1;3;1;2;0;1;2;0;1;11;64;4;1;1;1;0;1;0;0;0;0;4;1;0;4;1;0;4;0;2;0;2;3;1;2;1;3;6;10;22;48;8;0;1;0;0;1;0;1;0;0;0;1;1;0;0;0;0;1;0;0;1;0;0;0;0;0;0;0;0;2;0;0;0;4;0;1;1;1;4;1;0;0;1;1;0;1;1;1;1;0;0;0;0;0;1;0;2;0;1;1;0;0;1;0;0;1;0;0;0;0;0;0;1;0;1;0;0;1;0;2;0;1;0;0;0;0;0;0;0;0;0;0;0;0;0;1;0;0;0;0;1;0;0;0;0;0;0;0;1;0;0;0;0;1;0;0;0;0;0;0;0;0;0;0;0;0;1;0;2;1;0;0;0;0;0;0;0;0;0;0;0;0;0;0;0;0;0;1;0;0;0;0;0;0;0;1;0;1;0;1;1;0;1;0;1;2;0;0;0;0;0;0;0;0;2;0;0;1;0;0;0;0;0;0;0;0;0;0;0;0;0;1;0;1;1;0;0;0;0;0;1;0;1;0;0;0;0;0;0;0;0;0;1;0;0;0;0;0;0;0;0;0;0;1;2;0;0;1;0;0;0;0;0;0;0;0;0;0;0;1;0;1;0;0;0;0;1;0;0;0;0;1;0;0;0;1;0;0;0;1;0
62;Incendies volontaires de biens publics;8;7;4;9;7;6;6;5;9;10;7;1;14;3;5;10;6;4;3;7;5;11;10;15;5;12;5;5;2;9;12;12;10;6;7;5;8;10;10;4;12;10;15;23;29;12;8;4;5;10;9;5;11;2;7;11;8;5;10;4;7;6;6;6;7;2;5;10;6;6;7;5;7;7;11;11;5;3;6;10;9;5;4;6;3;4;11;5;3;6;7;6;5;8;3;2;5;8;7;4;5;5;9;9;3;3;4;7;9;8;2;7;7;8;7;10;3;5;3;5;3;5;10;8;4;9;4;1;1;7;10;10;6;10;7;3;3;9;5;3;3;11;10;7;5;10;5;5;11;6;1;6;7;16;7;9;13;12;11;6;8;6;4;16;1;4;9;7;4;7;4;7;11;9;9;12;6;5;10;6;8;25;11;39;9;7;7;20;9;7;3;7;8;4;4;12;12;12;8;9;8;27;8;9;10;5;10;7;12;3;10;3;14;0;10;3;14;2;4;5;5;9;7;3;4;5;6;7;10;7;3;5;13;4;9;6;3;2;2;3;2;11;8;6;6;10;5;4;4;5;4;3;5;2;2;4;9;5;2;3;4;3;2;1;0;3;5;13;5;6;4;7;5;3;3;3;0;3;4;2;3;7;3;4;3;4;1;1;2;2;6;2;2;4;3;3;2;2;3;2;0;2;0;5;4;0;3;2;2;5;3;2;6;0;1;4;2;2;3;0
63;Incendies volontaires de biens privés;44;41;38;43;33;38;35;44;57;42;38;46;39;46;39;35;37;26;30;44;61;49;45;63;55;55;69;39;36;29;56;62;76;46;66;66;59;79;58;66;68;65;50;109;107;50;44;54;40;69;41;63;112;50;25;81;88;71;71;59;43;61;49;69;55;55;58;57;57;52;53;55;33;60;47;52;46;51;41;67;57;37;56;36;41;45;47;61;52;49;37;71;61;63;68;48;39;64;62;55;39;74;49;79;63;57;53;47;54;36;59;47;64;46;37;80;60;38;45;47;59;71;61;65;42;53;58;93;73;65;67;49;49;81;81;90;90;85;82;96;57;79;72;71;36;89;115;87;70;86;67;121;90;106;82;74;81;86;135;80;82;105;107;109;90;78;94;55;48;58;66;73;79;70;86;126;123;115;69;67;54;77;97;250;72;62;88;72;66;69;45;28;41;53;55;60;56;72;59;67;113;201;36;46;39;49;29;33;44;44;42;46;49;28;42;32;46;26;26;48;33;34;36;24;32;26;38;38;29;44;32;44;56;39;45;41;26;26;35;34;23;36;24;48;68;51;35;46;20;25;35;24;26;23;29;28;23;19;24;32;40;24;16;10;10;20;34;21;27;26;22;20;28;28;29;33;11;11;20;18;25;33;16;40;103;16;17;16;11;16;15;14;21;22;18;10;23;10;5;15;5;10;9;8;13;5;8;15;25;8;17;18;17;14;13;6;7;11;13;14
64;Attentats à l'explosif contre des biens publics;0;0;1;0;0;0;0;0;0;1;0;0;0;0;0;0;0;0;0;0;0;0;0;0;0;0;0;0;0;0;0;0;0;0;0;0;0;0;0;0;0;0;0;0;0;0;0;0;0;0;0;0;0;0;0;0;0;0;0;0;0;0;0;0;0;0;0;0;0;0;0;0;0;0;0;0;0;0;0;0;0;0;0;0;0;0;0;0;0;0;0;0;0;0;0;0;0;1;0;0;0;0;0;0;0;0;0;0;1;0;0;0;0;0;0;0;0;0;0;0;0;0;0;0;0;0;0;0;0;0;0;0;0;0;0;0;0;0;0;0;0;0;0;0;0;0;0;0;0;0;0;0;0;0;0;0;0;0;0;0;0;0;0;0;0;0;0;0;0;0;1;0;0;0;0;0;0;0;0;0;0;0;0;0;0;0;0;0;0;0;0;0;0;0;0;0;0;0;0;0;0;0;0;0;0;0;0;0;0;0;0;0;0;0;0;0;0;0;0;0;0;0;0;0;0;0;0;0;0;0;0;0;0;0;0;0;0;0;0;0;0;0;0;0;0;0;1;0;0;0;0;0;0;0;0;0;0;0;0;0;0;0;0;0;0;0;0;0;0;0;0;0;0;0;0;0;0;0;1;0;0;0;0;1;0;0;0;0;0;0;0;0;0;0;0;0;0;0;0;0;1;0;0;0;0;0;0;0;0;0;1;0;0;0;0;0;0;0;0;0
65;Attentats à l'explosif contre des biens privés;0;0;0;0;1;0;1;1;0;1;0;0;0;1;0;0;0;2;0;0;0;1;1;0;0;0;0;0;0;0;0;0;0;0;0;0;0;0;0;0;0;0;0;0;0;2;1;0;0;0;0;0;0;0;1;0;0;0;0;0;0;0;0;0;0;0;0;0;0;1;1;0;0;0;0;0;0;0;0;0;1;1;0;0;0;0;0;0;2;0;0;0;0;0;0;1;0;0;0;0;0;0;0;0;0;0;0;0;0;0;0;0;0;0;0;0;0;1;0;0;0;0;0;0;0;0;0;0;0;0;0;0;0;0;0;0;0;0;0;0;0;0;0;0;0;0;0;0;0;0;0;0;0;0;0;0;0;0;0;0;0;0;0;0;0;0;0;0;0;0;0;0;0;0;0;0;0;0;0;0;1;0;1;0;0;0;0;0;0;0;0;0;0;0;0;0;0;0;0;0;0;1;0;0;0;0;0;0;0;0;0;0;0;0;0;0;0;0;0;0;0;0;0;0;0;0;0;0;0;0;0;0;0;1;0;0;0;0;0;0;0;0;0;0;0;0;0;0;0;0;0;0;0;0;0;0;0;1;0;0;0;0;0;0;0;0;0;0;0;1;0;0;0;0;0;0;0;0;0;0;0;0;0;0;0;0;0;0;1;1;0;0;0;0;0;0;1;0;0;0;1;0;0;0;0;0;0;0;0;0;0;0;0;0;0;0;0;0;0;0
66;Autres destructions er dégradations de biens publics;76;72;74;76;53;90;59;64;128;79;53;64;64;70;79;59;88;84;63;54;64;52;58;48;85;70;74;68;35;52;55;68;64;69;71;61;73;83;78;72;74;82;60;84;63;65;50;61;53;51;74;67;101;70;60;81;60;66;70;58;63;57;76;67;57;59;59;47;43;67;66;54;52;60;93;73;64;60;48;42;35;42;58;49;59;54;48;51;63;73;79;69;69;80;83;80;106;105;91;95;98;111;71;80;79;89;98;61;72;98;94;115;102;74;79;95;84;65;78;67;70;136;61;79;59;68;61;53;57;62;61;44;56;82;98;82;66;62;65;49;54;78;59;41;68;71;70;82;64;64;64;59;51;74;64;54;61;68;71;99;101;44;58;60;53;45;45;51;60;60;78;92;85;69;87;69;64;74;63;79;64;98;85;104;69;64;67;58;61;66;54;52;61;59;66;73;89;84;46;38;38;64;46;54;53;67;71;54;60;67;48;46;50;49;49;29;47;57;55;42;56;55;50;41;22;44;50;43;38;53;32;48;58;73;62;47;36;66;58;47;55;54;38;46;51;52;55;39;41;36;41;41;39;54;47;47;52;44;61;41;33;44;22;33;34;46;38;57;42;48;41;57;47;31;51;36;28;38;39;35;33;29;24;31;26;21;20;26;26;29;35;40;24;38;18;16;55;31;32;40;26;41;46;25;44;23;13;25;56;23;35;33;20;46;29;33;35;30;21;19
67;Autres destructions er dégradations de biens privés;216;215;237;230;209;254;237;186;207;227;204;240;177;199;208;197;217;258;160;199;214;208;217;236;212;254;253;200;110;130;199;233;234;229;264;264;199;242;247;270;267;263;267;329;326;236;243;240;220;232;229;197;255;234;198;208;202;218;198;219;162;197;228;210;195;235;216;198;214;202;236;194;228;217;227;191;223;205;204;189;175;168;219;191;183;183;229;163;231;229;183;186;166;205;197;176;157;203;182;184;254;224;213;187;172;168;203;148;163;176;168;137;187;161;174;212;177;205;233;132;196;198;172;171;159;179;158;214;123;175;206;156;151;181;215;256;255;234;163;160;233;217;150;128;122;128;109;78;93;87;99;124;130;133;104;120;84;226;176;133;210;150;168;125;185;152;140;132;152;135;189;202;227;173;205;192;202;205;169;169;183;195;188;210;159;147;162;167;155;195;144;151;143;176;216;305;256;291;275;192;186;209;152;186;194;220;283;288;259;303;243;264;280;185;184;220;136;188;158;229;203;255;237;223;152;191;237;257;230;315;295;263;316;228;277;194;203;209;240;229;229;264;228;246;260;208;257;129;183;234;214;169;167;197;155;172;126;166;162;163;102;171;136;154;125;106;151;166;107;138;132;149;151;162;167;166;169;181;191;164;187;177;136;173;204;138;133;139;117;152;189;138;168;165;120;143;169;139;123;126;100;116;149;150;138;158;127;132;145;139;143;113;96;113;126;154;134;161;135;144
68;Destructions et dégradations de véhicules privés;112;173;153;171;170;165;124;143;142;161;121;143;136;142;159;152;119;124;155;106;127;118;142;168;161;157;153;134;75;107;173;157;176;185;184;174;139;158;124;181;173;169;167;165;189;174;206;182;144;196;191;176;204;178;144;172;247;186;169;140;127;130;194;157;170;169;132;168;137;153;143;151;126;133;157;140;159;143;130;144;154;158;186;149;103;130;177;167;145;156;150;183;180;157;134;165;106;143;165;154;134;168;137;158;172;128;187;129;143;127;162;159;169;127;184;249;229;251;290;188;186;185;225;236;195;273;221;260;204;275;251;241;184;230;257;309;276;223;185;144;225;233;177;155;103;140;128;95;116;122;142;126;139;115;104;114;59;210;211;199;171;174;176;194;193;161;140;113;146;132;214;173;317;238;206;278;338;323;357;311;286;420;443;417;292;319;470;400;404;433;245;202;224;328;441;420;296;405;444;346;379;428;322;297;253;350;365;459;428;525;447;395;491;385;369;346;186;303;236;366;424;449;343;332;305;270;319;312;244;392;365;394;408;346;443;277;253;286;393;303;207;377;248;402;410;313;333;179;178;267;257;190;161;239;230;289;222;252;298;189;147;195;192;141;134;178;172;222;193;300;265;207;206;365;324;339;274;276;380;288;312;297;219;294;350;237;230;273;205;175;280;285;252;258;221;154;191;168;194;233;131;212;212;208;247;266;196;184;270;231;195;166;153;206;228;265;228;254;286;240
69;Infractions aux conditions générales d'entrée et de séjour des étrangers;1;3;0;5;2;3;0;3;3;1;4;2;4;8;2;4;5;4;5;1;1;4;5;1;1;4;2;3;5;0;2;4;2;2;4;3;3;1;6;0;5;2;2;4;0;4;2;1;3;2;1;6;2;3;3;3;1;1;5;0;1;1;2;2;1;2;3;1;3;4;3;2;3;1;1;1;2;2;3;6;2;1;5;2;0;1;0;1;0;2;1;1;4;1;2;1;0;0;0;0;0;1;0;1;0;1;0;0;0;0;0;1;1;1;6;8;62;82;129;120;97;84;112;132;127;157;135;165;88;111;141;134;110;132;102;127;122;126;114;108;88;92;131;129;104;108;103;102;107;134;90;120;70;100;101;149;65;102;117;92;77;151;123;133;72;89;93;115;115;100;83;86;122;135;152;118;64;152;222;171;144;139;126;123;112;129;113;112;62;92;123;151;106;118;105;120;108;145;108;120;78;77;105;80;92;75;94;60;100;95;76;81;67;131;76;88;61;56;94;63;97;106;73;86;72;83;70;77;76;57;61;62;60;72;42;51;36;42;46;46;44;47;23;53;45;44;41;49;30;56;29;20;18;26;27;44;30;27;30;20;31;38;68;52;28;35;25;42;27;52;22;45;15;50;41;17;16;12;43;13;19;40;14;28;37;21;23;30;14;11;23;30;24;28;22;22;21;24;44;34;18;40;31;19;51;36;28;29;20;29;43;22;31;13;31;25;44;33;67;65
70;Aide à l'entrée, à la circulation et au séjour des étrangers;6;6;12;10;7;9;11;12;4;4;8;14;12;13;8;12;8;12;5;9;11;3;8;12;5;8;7;9;3;6;8;8;6;7;11;7;9;7;7;12;7;8;7;13;4;8;10;12;1;10;3;5;9;8;13;12;3;8;7;12;5;5;7;4;5;9;4;11;3;7;7;14;5;5;4;6;12;4;6;4;4;10;8;5;7;8;9;7;5;13;10;12;3;3;13;13;12;11;12;12;14;17;16;13;7;10;13;15;12;13;13;8;13;14;12;11;3;6;8;9;11;11;14;16;18;15;15;14;4;6;8;8;13;16;15;19;19;17;13;10;1;4;7;7;10;6;16;15;19;14;14;13;5;9;8;13;10;12;5;11;14;11;11;13;9;3;5;16;9;9;11;22;6;19;16;13;2;6;11;8;10;12;17;16;12;11;11;11;4;8;23;17;6;4;10;10;7;5;6;7;3;3;8;6;8;8;9;9;6;6;8;12;3;0;6;4;2;2;3;0;5;1;3;2;11;3;4;8;7;5;3;2;2;1;1;1;1;1;1;2;1;0;0;0;0;0;0;1;1;3;2;2;2;0;0;0;0;1;7;0;0;0;0;2;0;3;0;0;0;0;0;1;0;1;2;1;0;0;0;1;1;0;0;0;0;0;1;1;0;1;0;0;2;2;0;2;2;2;3;0;0;2;4;0;0;1;0;2;1;3;5;2;0;0;2;2;8;4;9;1
71;Autres infractions à la police des étrangers;15;20;18;23;10;10;19;21;17;18;28;27;20;22;22;28;13;26;12;19;8;25;14;12;6;7;11;9;12;5;12;17;8;8;10;8;9;9;6;4;5;5;4;11;3;3;8;10;4;4;6;5;10;13;8;7;6;1;0;2;3;1;7;4;4;3;2;2;2;0;3;4;4;0;7;5;9;2;3;3;1;3;2;3;4;6;6;8;6;8;7;8;3;9;9;10;11;18;9;13;12;10;5;4;8;7;8;10;13;13;9;23;9;14;13;24;10;22;35;19;22;14;5;13;12;10;15;9;8;7;9;8;9;5;4;11;9;18;28;12;13;21;17;10;21;10;18;21;22;21;12;21;6;14;20;21;18;22;12;17;14;16;17;18;7;7;15;15;21;9;15;15;35;20;15;14;11;11;25;12;10;13;24;7;13;13;12;6;13;11;7;2;7;9;12;3;7;4;11;10;12;7;8;6;6;9;11;10;10;9;6;3;11;10;6;13;3;1;14;2;6;7;11;5;5;4;7;3;11;3;5;2;13;1;4;4;4;4;2;6;0;2;8;5;9;9;1;11;10;22;13;9;10;12;13;18;9;4;10;8;4;9;9;10;2;4;4;17;3;9;1;9;4;21;6;6;3;6;5;8;3;12;11;8;4;13;20;18;7;5;8;14;7;10;11;12;9;4;11;14;2;18;16;9;12;18;7;7;8;15;14;14;5;11;12;5;13;5;6;8
72;Outrages à dépositaires autorité;42;37;39;55;40;47;35;38;26;30;30;43;36;41;39;43;50;39;30;36;33;54;30;44;31;41;41;49;32;32;30;48;39;34;39;52;33;44;48;31;71;54;30;35;60;21;36;27;29;32;31;27;45;39;30;31;21;27;36;27;22;43;32;35;31;35;28;24;26;36;37;35;24;34;51;33;40;42;25;33;47;40;41;23;30;35;41;23;31;31;37;37;32;45;32;29;36;47;50;23;34;19;21;27;26;27;40;23;28;40;26;33;31;36;28;20;28;23;28;32;14;26;22;27;33;28;28;36;29;31;33;28;48;30;37;33;22;40;27;30;30;42;22;28;31;22;32;27;27;24;17;27;22;30;33;32;21;23;33;32;35;39;52;37;39;23;49;43;41;35;36;33;29;44;48;34;39;41;40;43;34;39;49;54;31;48;41;37;40;39;53;38;43;44;44;36;30;52;38;40;40;38;33;30;24;42;44;30;27;31;41;29;36;36;41;32;28;29;27;34;30;29;16;19;29;23;24;23;23;33;23;22;36;36;27;19;21;34;18;16;19;24;19;28;37;19;13;12;15;19;18;20;20;11;19;21;15;12;16;21;20;13;28;13;12;16;13;12;10;20;13;17;11;9;12;11;9;15;20;12;17;14;14;15;6;14;11;11;13;12;16;10;6;18;4;16;17;20;12;6;4;9;14;8;12;13;13;11;11;18;9;13;14;11;14;14;13;12;17;15
73;Violences à dépositaires autorité;46;37;64;67;45;73;50;56;54;47;50;70;53;58;64;46;55;67;41;51;43;62;41;67;44;41;50;58;51;49;53;61;63;53;61;52;41;59;49;62;93;100;57;104;142;34;30;52;40;45;46;45;66;39;48;49;48;49;54;37;48;46;45;39;40;50;39;44;44;49;49;48;37;55;55;52;38;40;33;42;52;54;61;45;39;38;54;40;37;41;44;38;53;64;49;35;37;45;54;42;72;44;47;50;43;45;59;45;33;50;54;60;47;45;35;44;51;45;49;42;29;38;37;37;38;50;44;44;37;35;38;47;40;32;51;34;30;42;24;36;40;35;31;29;38;29;41;38;24;33;21;32;33;35;34;22;30;34;34;28;39;32;35;29;32;26;28;28;31;28;23;26;29;41;34;29;31;32;43;20;38;32;45;53;23;32;30;27;27;30;37;25;28;34;34;43;26;45;27;23;23;26;27;15;21;24;28;23;19;20;27;33;31;24;25;27;19;20;24;27;22;27;26;11;22;31;23;17;9;24;16;18;11;19;17;14;10;18;14;11;14;19;21;25;12;16;7;8;9;21;13;19;14;4;23;16;8;7;13;12;12;13;11;17;11;14;7;10;2;10;4;15;12;16;14;12;7;18;13;7;17;13;4;12;10;19;8;15;9;9;19;9;7;34;5;8;17;13;9;10;6;12;14;10;10;9;8;6;7;11;15;8;11;11;12;11;9;4;24;7
74;Port ou détention armes prohibées;53;42;76;72;70;60;63;59;69;49;77;71;47;59;61;58;57;71;44;73;60;70;70;94;48;48;40;44;21;41;67;71;42;53;66;63;48;48;59;72;58;62;55;78;68;55;68;59;57;49;47;65;58;72;47;63;40;46;49;45;40;47;47;63;41;63;55;59;45;45;72;69;54;63;58;68;54;69;71;80;62;56;62;77;60;71;62;73;78;85;66;96;69;63;71;65;60;62;54;57;59;67;56;64;80;86;95;57;59;54;68;82;60;82;71;77;100;50;99;63;68;51;52;46;71;85;55;49;37;52;59;47;34;39;30;47;44;30;58;42;50;43;59;46;26;49;35;43;41;42;36;33;40;44;42;35;29;30;36;48;43;46;44;43;24;34;35;44;37;29;43;40;56;57;62;49;29;55;63;37;33;36;53;31;30;35;32;33;35;42;47;31;53;63;50;37;39;39;52;48;38;39;48;55;33;38;44;50;44;51;49;40;52;50;54;39;50;57;35;64;43;93;43;27;25;44;41;39;29;31;32;29;36;29;29;16;21;22;24;27;19;19;23;35;31;16;11;15;15;24;14;23;22;7;19;32;29;21;18;28;10;19;35;23;15;23;17;21;17;23;14;14;21;22;25;13;15;16;20;13;16;22;37;25;24;27;17;17;20;26;34;27;13;20;20;24;28;27;26;22;9;28;31;22;28;17;24;24;21;25;26;28;24;19;26;23;27;25;44;36
75;Atteintes aux intérêts fondamentaux de la Nation;4;6;3;1;3;5;1;4;3;2;5;4;3;0;5;2;1;3;0;2;0;7;2;1;0;2;2;0;2;0;2;1;0;1;3;2;2;1;1;2;4;3;3;3;2;1;0;3;2;2;2;2;0;2;2;2;4;2;0;2;4;1;1;1;2;3;5;4;4;9;2;3;2;2;0;1;1;1;1;3;5;9;2;1;2;0;2;0;0;0;1;0;0;0;0;2;0;1;0;3;1;1;3;1;0;1;1;3;2;0;0;5;2;3;1;2;1;2;2;0;0;0;0;1;0;0;1;1;1;1;3;3;0;0;0;0;1;0;0;1;0;1;0;0;1;0;1;0;1;3;0;0;0;0;0;0;0;0;0;0;0;1;0;0;0;0;1;1;1;0;0;1;0;0;0;0;0;0;0;0;0;0;0;0;0;0;0;0;1;0;0;0;0;0;1;0;1;0;0;0;1;0;1;0;0;1;0;1;0;1;1;0;0;0;0;0;0;0;0;0;0;1;0;0;0;0;1;0;0;0;0;0;0;0;0;0;0;0;0;0;0;0;0;1;0;0;1;0;0;0;1;1;1;0;0;0;1;0;0;1;0;0;0;0;1;0;0;0;0;0;0;0;1;1;1;0;1;0;5;4;9;3;3;4;5;4;6;7;4;4;4;1;10;3;4;2;7;3;4;2;2;3;2;0;2;4;5;1;4;5;3;2;3;2;2;1;1;6;3;1
76;Délits des courses et des jeux;0;0;0;0;0;0;0;0;0;0;0;0;0;1;0;0;0;0;0;0;0;0;0;0;0;0;0;0;0;0;0;0;0;0;0;1;0;0;0;0;0;0;0;0;0;0;0;1;0;0;0;0;0;0;0;0;1;0;0;0;0;0;0;0;0;0;0;0;0;0;0;0;0;0;0;0;1;0;0;0;0;0;0;0;0;0;0;1;0;2;0;0;0;1;0;0;0;0;0;0;0;0;0;0;0;0;0;0;1;0;0;0;0;0;0;0;0;0;0;0;0;0;0;0;0;0;0;0;0;0;0;0;0;0;0;0;0;0;0;0;0;0;0;0;0;0;0;0;0;0;0;0;0;0;0;0;0;0;0;1;0;0;0;0;0;0;0;0;0;0;0;0;0;0;0;0;0;0;0;0;0;0;0;0;0;0;0;0;0;0;0;0;0;0;0;0;0;0;0;0;0;0;0;0;0;0;0;0;0;0;1;0;0;2;4;0;0;0;0;0;0;0;0;0;0;0;0;0;0;0;0;0;0;0;0;0;0;1;0;0;0;0;0;0;0;0;0;2;0;2;0;0;0;0;0;2;3;1;1;0;4;1;0;0;0;0;0;0;1;0;0;0;1;0;0;0;0;0;0;0;0;0;12;2;1;0;0;0;0;0;0;0;0;0;0;0;2;0;0;3;0;0;1;0;1;0;0;0;2;0;1;1;1;0;1;0;2;0;0;0
77;Délits interdiction de séjour et de paraître;4;2;4;3;5;7;6;1;5;3;3;4;2;1;1;1;1;1;1;1;2;1;2;1;1;2;1;0;2;0;1;2;2;3;2;0;3;1;3;1;3;2;1;0;2;2;1;3;1;0;0;0;1;1;3;2;0;3;0;1;0;1;0;1;3;0;2;0;1;0;0;0;1;1;1;1;0;1;0;0;0;0;1;0;0;0;0;0;1;0;0;1;0;0;0;0;0;0;0;0;0;0;0;1;0;0;0;0;0;0;0;0;0;0;0;0;0;0;0;0;0;1;0;0;0;0;0;0;0;0;1;0;1;2;0;0;0;1;0;0;0;0;1;0;0;0;0;0;0;0;0;0;0;0;0;0;0;0;0;0;0;0;0;0;0;0;0;0;1;0;0;0;0;0;0;0;0;0;0;0;0;0;0;2;0;0;1;0;0;0;0;0;0;0;0;0;0;0;0;1;1;0;0;2;0;0;1;0;1;0;0;0;0;0;0;0;0;1;0;0;0;0;0;0;0;0;0;0;0;0;0;0;0;0;0;0;0;0;0;0;0;0;0;0;0;0;1;0;0;1;0;0;0;0;0;0;0;0;0;0;0;0;0;0;0;0;0;0;0;0;0;0;0;0;1;0;0;0;0;0;0;0;0;0;0;1;0;0;0;0;0;0;0;0;0;0;0;0;0;1;0;0;0;1;0;0;1;0;1;0;0;1;0;0;0;0;0;0;0;1
78;Destructions, cruautés et autres délits envers les animaux;15;17;11;6;7;7;10;2;14;8;13;5;9;4;5;9;11;5;5;3;7;6;7;20;5;10;8;13;8;6;8;12;6;6;4;7;4;5;2;5;4;4;7;4;2;3;8;5;9;6;5;5;10;1;2;6;6;7;5;10;5;3;8;3;4;6;3;7;8;7;9;6;8;9;6;8;5;8;8;6;11;3;7;4;4;10;5;9;4;9;11;2;2;3;6;3;2;4;6;7;6;6;9;5;2;6;5;7;5;2;3;2;1;4;2;5;5;2;5;3;4;6;4;7;1;7;3;5;9;5;9;5;6;7;4;5;6;2;1;2;1;1;6;11;5;5;3;2;4;2;4;3;4;8;9;2;5;3;3;3;4;3;1;0;3;5;3;4;4;3;3;5;10;6;4;7;3;8;3;2;2;2;1;3;2;6;3;2;2;2;4;6;8;6;4;4;3;3;4;1;6;3;4;5;3;7;8;4;3;5;4;11;4;3;7;10;4;2;8;3;7;9;6;6;3;5;9;2;6;4;3;4;4;11;5;9;4;2;6;3;7;2;6;6;1;5;8;10;4;5;3;5;6;7;6;10;7;11;8;6;5;6;7;5;3;5;6;7;5;2;3;5;5;1;9;5;1;5;4;2;4;5;3;3;6;1;4;9;5;3;6;3;3;4;0;2;5;3;4;5;2;4;3;2;2;0;2;0;5;2;2;5;3;2;3;2;0;1;1;4
79;Atteintes à l'environnement;1;3;2;3;3;4;4;3;5;1;2;5;4;1;3;3;1;3;1;2;3;3;3;2;6;4;0;1;0;2;3;0;3;4;3;2;4;2;0;3;2;4;7;4;1;2;2;4;1;4;3;2;6;1;6;2;5;3;4;2;7;2;0;2;2;6;4;7;2;0;3;2;4;3;1;4;0;3;2;1;3;4;2;2;1;2;1;2;4;3;5;3;1;4;1;3;1;2;0;1;1;2;2;2;0;4;2;4;4;2;3;3;2;5;2;4;5;2;2;4;2;4;3;1;1;1;2;4;6;3;8;3;4;5;5;4;1;3;6;0;3;1;3;2;0;1;5;0;0;5;5;6;0;1;1;1;1;2;1;1;1;3;3;0;4;7;6;1;0;1;1;2;4;5;3;2;2;1;1;0;2;1;1;0;0;3;0;2;1;1;4;3;3;1;1;4;0;1;0;1;2;5;2;1;0;1;0;2;3;3;0;1;0;0;4;5;2;4;2;2;2;4;2;1;2;2;2;4;2;1;3;2;1;0;4;2;1;2;1;7;8;0;6;1;0;2;3;4;4;0;1;7;1;1;1;0;1;1;3;0;4;3;7;3;2;3;0;3;1;1;3;4;2;0;0;2;1;6;4;1;2;1;2;5;0;1;1;2;2;1;1;1;0;4;2;1;2;2;0;0;1;3;2;2;0;1;0;0;3;1;0;0;0;0;1;0;1;0;0;1
80;Chasse et pêche;0;0;0;0;0;0;0;1;2;0;0;1;0;0;1;0;0;0;0;0;0;0;0;0;0;0;0;0;0;0;0;1;0;0;0;1;0;0;1;1;1;0;0;0;0;0;0;0;0;0;0;0;0;0;0;0;0;0;0;0;0;1;0;0;0;0;0;0;0;1;0;0;0;0;0;0;0;0;0;0;0;0;0;0;0;0;0;1;0;0;0;1;0;1;1;0;1;0;0;0;0;0;0;0;1;0;0;0;0;0;0;0;1;0;0;0;0;0;0;0;0;0;0;0;0;0;0;0;0;0;0;0;0;0;0;0;0;1;0;0;0;1;1;0;0;0;0;0;0;0;0;1;0;0;1;1;0;0;0;0;0;0;0;0;0;0;0;0;0;1;0;0;0;0;0;0;0;1;0;0;0;0;0;0;0;1;0;0;1;0;0;0;0;0;0;0;0;0;0;0;1;0;0;0;0;0;0;0;0;0;0;0;0;0;0;0;0;0;1;0;0;0;1;1;1;0;0;0;0;1;0;1;0;2;2;0;0;0;0;0;1;0;0;0;0;0;0;0;0;0;2;0;0;0;2;1;4;0;1;2;3;4;1;0;0;0;0;0;0;0;0;0;10;0;0;1;0;2;0;0;1;1;0;0;3;2;0;0;0;0;1;0;0;3;0;0;1;1;0;0;0;1;0;2;0;1;1;1;1;1;0;0;0;0;0;0;1;0;2;0
81;Faux documents d'identité;36;16;29;22;19;32;9;21;19;11;12;17;24;12;17;18;19;27;12;11;12;14;14;8;10;9;12;17;2;12;16;18;21;25;11;11;10;11;11;6;12;5;8;13;1;10;15;13;9;5;10;6;9;5;10;15;3;4;6;11;3;7;9;7;4;7;9;17;9;7;11;9;2;2;4;7;11;8;7;8;13;9;4;8;5;10;6;3;2;7;2;7;5;5;4;6;5;4;2;3;6;7;3;4;4;6;8;4;4;7;7;9;8;9;11;7;6;7;5;9;3;7;9;9;11;6;2;9;7;3;4;10;5;4;7;13;10;8;2;8;2;4;2;19;2;5;7;2;8;8;0;10;2;0;7;4;5;12;11;27;37;24;7;11;6;7;6;9;5;3;4;7;5;15;17;5;2;9;6;11;12;21;11;10;18;10;17;9;1;8;14;21;9;12;9;10;9;6;14;14;2;9;15;7;5;13;15;14;10;5;15;3;6;10;12;7;13;5;9;9;8;9;12;16;12;6;6;4;5;11;6;9;6;10;1;5;9;4;5;11;3;2;6;7;1;12;5;10;4;2;3;10;2;3;2;6;5;0;5;2;6;2;2;6;2;3;3;0;1;4;5;1;2;2;0;6;1;3;3;4;6;14;5;11;20;14;17;3;7;4;10;3;1;7;2;6;8;2;6;5;3;4;5;5;3;2;6;3;5;8;18;1;7;7;4;4;3;5;6;13
82;Faux documents concernant la circulation des véhicules;3;2;6;2;10;9;5;14;6;5;7;6;3;8;11;10;7;3;4;5;6;8;13;13;9;8;6;6;2;0;1;5;5;7;1;6;3;2;3;1;4;4;6;2;2;5;7;8;4;2;2;5;5;5;3;7;3;6;10;12;3;15;8;13;13;9;7;19;6;3;15;5;2;5;3;13;6;5;7;6;2;2;8;6;3;8;4;9;5;4;5;9;3;6;2;7;3;5;5;4;5;6;5;4;3;3;9;7;7;6;4;7;6;7;5;8;3;6;7;9;6;12;9;8;6;8;6;7;12;10;5;5;2;4;5;6;9;5;6;5;4;5;6;7;3;6;6;7;8;7;10;6;1;5;7;7;4;4;4;4;6;5;0;6;4;5;3;3;1;3;5;0;2;8;4;0;6;1;5;6;5;5;5;4;5;8;1;8;5;8;3;9;4;3;9;5;2;3;5;4;7;1;1;3;8;5;5;3;7;4;2;3;0;2;1;6;2;6;3;3;3;2;2;2;4;3;9;2;4;3;1;2;4;2;0;2;5;2;2;0;2;1;3;1;4;3;2;1;2;1;4;3;1;1;3;4;0;0;5;2;6;1;2;1;2;1;1;0;1;1;2;6;3;0;2;0;2;4;0;0;3;4;2;1;4;5;2;2;3;1;2;1;2;3;2;3;12;3;6;1;2;6;5;3;3;0;1;8;10;3;5;6;3;5;5;3;2;4;4;5
83;Autres faux documents administratifs;9;17;12;11;12;14;17;15;9;13;16;12;6;15;17;5;17;10;6;10;8;11;12;12;14;12;15;9;0;12;11;17;14;9;7;8;10;7;8;6;10;10;11;12;4;6;6;6;5;16;11;7;7;9;8;21;13;6;17;9;9;8;12;11;14;8;11;14;12;18;21;14;9;6;7;13;20;19;18;16;17;16;24;13;14;20;13;9;15;14;9;14;8;11;12;10;3;6;14;11;15;10;15;15;10;15;17;11;3;16;14;8;9;12;8;8;11;12;7;7;4;9;8;13;7;13;20;7;4;7;6;2;16;10;8;2;3;13;4;6;9;3;8;3;3;2;5;5;6;5;6;5;2;1;3;2;5;2;2;3;2;5;0;2;1;4;1;4;2;3;6;2;3;1;5;2;2;5;4;5;3;0;2;3;1;3;3;9;2;5;2;0;3;1;6;1;2;4;3;3;4;6;2;3;0;3;3;2;3;2;4;5;5;6;6;1;2;2;4;1;2;2;1;1;1;0;1;1;2;1;1;1;2;3;0;1;0;2;9;1;0;0;6;3;3;1;3;0;3;1;3;3;2;0;3;1;2;1;5;1;4;4;0;2;3;3;4;1;3;1;0;5;0;5;2;0;1;3;4;5;2;2;0;3;1;6;3;1;3;2;1;1;1;2;2;2;6;0;3;1;1;2;0;1;2;1;3;4;3;2;0;0;2;1;3;2;1;1;3;3
84;Faux en écriture publique et authentique;1;0;3;0;2;3;8;3;2;5;4;3;4;4;3;0;4;3;0;2;5;5;1;2;5;2;2;2;2;3;2;2;1;3;0;2;1;1;2;3;4;2;3;4;4;1;3;1;1;0;1;1;1;4;3;2;0;4;2;7;1;3;1;0;2;1;1;1;0;1;2;1;0;2;3;4;1;1;2;1;2;1;1;1;1;2;0;2;4;3;3;3;1;2;1;2;1;1;2;3;7;6;3;3;5;4;6;3;3;4;0;3;4;4;2;4;2;4;5;4;3;0;7;4;2;6;3;6;3;3;4;1;3;2;3;4;4;10;5;1;1;6;0;2;1;4;3;1;2;3;1;2;3;3;2;2;1;1;1;4;6;3;1;5;4;6;1;2;3;2;3;1;2;7;2;0;2;3;4;4;1;5;2;1;3;6;3;8;0;3;1;3;1;6;5;2;7;8;5;5;3;4;12;8;4;6;5;7;1;2;3;3;3;3;4;7;8;3;0;2;0;2;2;1;1;2;1;1;2;0;1;1;6;1;2;4;4;4;0;2;1;0;3;1;1;3;4;4;0;6;1;5;0;3;3;3;2;4;2;3;3;1;1;0;2;1;1;3;3;0;1;2;2;1;1;0;1;1;1;0;0;2;2;1;0;4;1;1;2;0;3;0;2;0;2;1;7;4;4;2;3;2;1;3;3;2;1;2;9;3;3;2;5;3;4;8;3;0;0;0
85;Autres faux en écriture;12;12;15;12;12;14;12;23;17;12;12;17;11;15;28;11;12;14;13;14;14;22;30;14;24;20;13;13;9;7;25;15;18;17;23;21;8;15;19;19;18;14;15;18;21;20;25;21;18;20;23;21;13;20;18;16;18;17;20;12;9;10;14;11;20;24;10;20;20;18;15;9;10;9;17;18;8;14;15;23;6;15;17;14;8;12;17;13;8;23;17;10;31;23;32;23;15;19;21;13;14;18;17;17;17;19;25;18;14;19;10;12;18;14;15;12;13;16;13;12;17;8;18;12;12;10;17;8;16;19;14;12;15;17;20;16;15;21;23;15;8;10;26;13;9;13;14;16;19;13;15;14;14;9;15;14;13;11;13;18;19;15;19;10;16;14;4;15;15;4;7;15;13;11;13;13;10;11;19;15;15;21;16;13;12;9;6;3;5;6;13;7;10;7;8;11;13;15;13;9;12;6;10;15;10;8;11;5;11;16;19;12;27;12;10;6;11;13;5;10;20;13;6;7;13;7;6;9;6;4;7;6;4;5;10;9;9;5;9;3;3;2;14;7;5;5;10;4;6;6;12;9;6;4;3;10;4;7;5;5;8;10;1;6;7;11;5;6;7;7;6;8;5;11;14;10;14;5;6;9;6;12;14;12;13;11;6;8;6;5;10;12;25;11;2;3;25;6;8;2;2;4;3;5;5;3;3;6;26;4;2;3;7;3;10;2;2;3;2;0
86;Fausse monnaie;1;0;0;0;2;1;1;1;2;2;2;1;3;1;2;1;0;2;1;1;2;1;5;2;0;1;2;2;3;2;4;3;3;4;2;9;3;4;1;4;3;4;2;1;4;3;1;4;2;2;2;2;3;3;6;4;3;1;2;4;6;5;5;2;3;1;4;2;1;0;3;4;0;2;3;1;6;3;7;6;3;4;7;3;2;0;3;4;7;3;1;1;1;0;0;2;1;1;1;1;4;8;0;2;2;2;5;3;4;0;3;2;3;2;1;2;3;1;4;1;1;1;3;1;1;3;3;5;7;2;1;1;1;1;2;1;0;2;0;0;1;1;1;4;3;0;7;5;5;5;9;4;6;9;5;7;3;4;3;2;2;0;3;2;2;0;0;0;2;2;0;5;4;2;1;2;5;1;1;1;4;2;2;0;3;4;7;5;2;3;1;3;2;3;2;2;2;1;1;4;0;1;2;2;0;1;1;0;0;0;3;0;1;1;2;2;0;0;0;0;2;1;4;2;3;8;3;2;1;1;2;3;2;9;3;7;5;8;6;4;4;4;2;1;5;1;1;0;4;3;1;3;3;2;4;0;1;2;1;0;0;1;3;1;0;0;1;1;0;0;0;0;0;0;1;0;1;1;0;2;2;1;0;3;0;1;1;0;0;0;3;3;3;1;1;0;7;3;3;1;3;2;0;0;1;1;1;3;3;2;1;0;1;1;3;1;3;1;5;5
87;Contrefaçons et fraudes industrielles et commerciales;1;0;0;4;4;1;1;1;2;5;3;2;1;3;1;1;4;5;25;0;3;1;0;1;2;1;0;1;0;1;1;1;4;1;0;0;0;2;1;1;2;1;2;1;1;1;2;3;0;91;0;36;3;0;1;3;2;4;5;5;2;0;0;1;0;1;0;3;0;1;2;1;2;1;1;3;0;3;3;2;4;3;0;1;0;0;0;2;1;1;0;1;1;0;2;0;0;1;1;1;3;0;0;0;0;0;3;0;0;1;1;1;1;0;0;0;0;0;0;1;10;34;0;0;2;1;1;2;0;5;2;1;0;1;0;0;2;0;1;1;2;0;2;3;2;3;1;0;12;2;2;0;0;0;0;3;2;1;0;0;0;0;2;0;0;4;0;1;0;0;0;6;1;2;0;0;3;1;2;1;0;0;0;1;1;0;1;2;6;7;2;1;0;1;1;6;1;0;1;2;1;3;0;2;1;2;1;0;2;1;0;2;1;0;1;0;8;2;1;0;0;2;2;1;4;3;0;0;1;1;4;0;3;4;4;0;0;1;0;0;1;9;0;0;0;1;1;0;0;0;0;0;0;0;0;0;3;0;0;0;1;2;1;0;0;2;0;0;0;272;0;0;0;1;0;0;1;2;0;2;1;1;0;1;1;0;2;1;0;1;2;5;3;1;2;0;3;2;1;0;0;123;5;2;0;2;4;1;4;2;2;0;3;1;1;0;1;1;1;0
88;Contrefaçons littéraires et artistique;0;0;0;0;0;0;0;0;1;2;0;0;0;2;0;0;0;0;0;0;0;0;0;0;0;0;0;0;0;0;0;0;0;0;1;0;0;0;0;0;1;0;2;2;1;0;3;1;0;1;0;0;0;0;0;0;0;1;1;0;1;0;2;0;6;1;0;1;4;0;0;0;0;0;0;0;1;0;0;0;0;1;0;0;1;0;0;0;0;0;1;0;0;2;0;0;1;0;0;1;1;0;1;0;0;0;1;0;0;0;0;0;0;0;0;0;0;0;0;0;0;0;0;0;0;1;0;0;0;0;0;0;0;0;0;0;0;0;0;0;0;0;0;0;0;0;0;0;0;0;0;0;0;0;0;0;0;0;0;0;0;0;0;0;0;0;0;0;0;0;0;0;0;0;0;0;0;0;0;0;0;0;0;0;0;0;0;0;0;0;2;0;1;0;0;0;1;0;0;1;0;1;0;0;0;0;0;0;0;1;0;0;0;2;0;0;0;0;0;0;0;2;1;0;2;0;0;0;1;0;0;0;0;0;0;0;1;0;0;0;0;0;0;0;0;0;0;0;0;0;3;0;0;0;0;0;0;2;0;1;0;0;0;0;0;0;0;0;0;59;0;3;0;0;1;0;0;0;0;0;1;0;2;1;0;0;0;0;0;0;0;2;0;0;1;0;0;0;1;0;0;0;0;0;1;1;0;0;0;0;0;0;0;0;0;0;0;0;0;0
89;Falsification et usages de chèques volés;31;103;51;52;106;279;45;61;81;37;44;20;49;75;73;76;64;35;38;26;72;62;105;97;161;28;27;56;17;36;34;130;63;83;124;62;87;76;704;116;88;105;117;70;172;65;84;116;63;120;53;148;70;119;188;113;67;147;104;99;181;78;238;96;118;108;132;170;140;76;130;50;52;128;139;155;141;90;52;60;59;112;184;107;104;225;246;273;73;71;80;69;208;93;109;99;41;75;62;68;39;103;212;139;87;125;180;158;53;123;51;63;41;63;76;32;111;142;111;40;68;62;68;90;233;61;86;74;67;41;84;30;41;100;97;117;105;76;172;97;82;34;55;132;40;68;129;143;75;112;47;55;37;58;83;40;33;69;105;23;24;44;47;108;87;52;59;74;79;94;98;132;71;50;32;80;79;82;140;68;139;90;56;38;71;102;54;90;89;123;96;95;124;68;94;79;60;137;72;100;115;88;116;68;88;132;70;373;150;95;188;149;193;185;143;127;95;109;59;115;132;148;135;99;97;124;141;170;141;146;101;132;116;171;114;83;117;152;79;64;90;57;103;80;47;100;88;55;61;85;107;81;68;41;155;86;98;73;61;62;62;58;86;69;36;191;22;77;33;84;39;105;57;65;44;65;51;68;59;80;71;137;145;127;118;150;93;106;107;88;99;33;79;94;39;27;929;123;128;117;96;201;103;141;278;91;53;111;533;145;87;90;128;57;104;45;31;117;119;77
90;Falsification et usages de cartes de crédit;220;216;207;254;273;332;252;229;358;301;245;220;197;234;234;198;191;215;192;193;224;167;251;247;204;246;196;120;64;143;198;222;220;203;217;172;170;184;182;200;206;249;177;185;178;132;160;123;130;172;162;176;198;245;206;212;219;235;198;178;133;121;125;171;141;155;219;189;190;200;196;149;143;117;141;164;182;166;187;140;167;146;137;137;151;141;165;196;178;209;211;193;236;174;157;135;138;144;188;141;132;163;152;118;139;141;132;137;110;86;115;136;162;157;117;117;127;131;83;86;69;67;102;98;83;113;89;102;82;97;94;84;104;139;151;152;170;184;183;180;199;165;179;159;173;110;91;83;116;96;109;144;212;176;239;222;202;199;211;181;186;203;183;217;160;232;192;183;122;174;161;120;146;166;172;130;124;150;149;208;139;137;148;126;120;93;65;78;77;72;80;67;61;62;44;79;45;70;49;56;81;62;63;46;61;42;48;65;53;65;50;57;66;61;85;69;49;51;17;51;50;65;67;53;66;44;53;49;54;54;49;54;74;56;32;21;25;18;19;9;18;24;19;15;17;10;11;12;25;14;31;13;11;21;15;32;16;16;14;15;21;14;11;10;15;12;15;45;15;20;11;19;14;13;6;17;8;4;13;11;10;16;4;9;11;22;15;10;10;6;8;5;4;8;5;5;103;19;13;15;9;6;52;33;15;6;5;1;21;8;13;5;5;15;15;14;11;17;9;6
91;Escroqueries et abus de confiance;511;650;534;572;649;690;624;667;711;634;589;644;570;574;703;572;630;745;601;669;606;596;601;596;588;626;676;498;313;312;452;623;524;513;590;546;468;502;510;515;527;461;486;504;466;518;521;447;337;422;427;391;464;531;489;533;453;535;472;455;395;451;422;446;356;435;435;560;448;430;432;474;742;449;477;448;394;397;402;414;400;439;463;390;327;449;428;438;367;518;372;501;617;371;410;362;344;394;332;348;383;383;341;398;377;381;437;337;329;354;318;314;365;617;303;293;275;369;343;306;321;429;345;320;308;350;430;286;367;392;323;486;287;528;415;457;490;544;505;425;468;437;439;475;362;624;401;309;400;306;355;395;345;354;346;455;500;448;375;381;328;391;406;363;341;517;646;349;360;342;388;361;336;319;432;295;285;347;375;292;342;273;296;285;261;323;332;326;364;330;305;376;271;237;372;235;375;255;234;218;659;402;219;249;268;224;290;209;234;249;207;254;292;222;188;283;258;186;214;205;227;269;217;218;309;199;226;258;171;196;183;232;196;226;276;190;218;208;278;211;176;207;239;207;266;209;157;183;242;265;255;202;170;156;232;270;219;219;345;198;567;607;155;134;165;234;232;241;207;202;171;216;135;144;124;128;110;72;125;141;116;160;133;121;111;115;109;77;108;100;101;96;78;147;59;71;227;116;218;87;91;115;92;70;74;99;50;62;148;81;89;72;86;93;64;89;67;55;81;64
92;Infractions à la législation sur les chèques;4;1;4;3;0;3;1;4;3;1;4;5;2;4;2;0;4;8;6;7;3;1;2;6;1;0;4;3;1;4;4;5;5;4;2;9;3;4;3;6;3;6;1;7;5;15;7;9;3;4;4;3;15;5;4;10;10;10;12;26;6;6;4;12;8;77;6;15;9;11;6;5;5;13;9;8;3;11;7;9;16;10;11;10;10;10;15;4;8;22;8;10;5;4;11;6;18;19;10;13;7;30;9;15;26;22;34;11;30;13;8;7;14;11;7;11;5;12;60;11;11;14;9;8;11;13;14;73;14;22;12;22;34;35;25;11;37;20;8;5;17;31;10;30;134;14;4;8;14;1;13;17;7;7;15;9;2;9;9;7;4;11;10;6;7;9;11;9;4;5;7;37;12;9;11;6;12;10;12;24;9;9;5;8;8;9;9;5;11;12;3;8;8;8;2;8;4;23;12;8;19;14;17;13;8;14;15;5;6;15;10;10;15;10;10;13;12;11;9;15;5;8;4;6;17;39;20;16;19;11;10;16;48;31;21;22;13;41;13;8;28;28;16;20;16;32;34;23;27;32;23;30;24;16;48;18;19;55;18;16;98;21;23;14;18;29;13;11;18;25;41;136;36;11;25;8;22;7;45;72;13;41;18;41;33;23;44;29;19;9;19;36;18;20;10;10;85;31;68;52;51;23;18;6;26;19;67;17;132;43;33;79;25;21;83;44;20;11;24;12
93;Travail clandestin;15;9;14;13;19;23;9;17;10;13;14;18;16;9;19;19;7;15;12;19;8;8;14;19;7;13;7;19;1;4;14;16;5;18;19;17;8;12;8;10;8;12;16;9;7;7;9;10;10;15;10;12;19;17;23;21;10;7;19;15;9;14;16;14;8;12;8;19;17;10;13;9;8;11;9;20;16;12;27;18;10;18;26;19;14;8;13;23;14;12;15;11;17;17;19;14;17;8;20;12;13;15;15;7;14;17;17;14;12;11;12;14;10;16;14;8;7;9;13;7;11;12;10;10;9;14;18;17;9;15;13;11;4;17;6;14;14;13;16;10;6;12;10;12;12;10;12;11;9;11;13;11;6;6;15;15;13;6;12;13;13;10;9;16;9;4;11;18;8;13;13;4;12;20;17;12;4;17;25;10;14;8;32;35;11;15;12;12;16;17;20;11;4;9;14;14;25;16;16;22;30;22;15;9;8;7;13;15;12;7;13;15;12;5;10;8;4;6;5;4;15;12;8;8;23;4;12;11;8;6;1;4;8;17;11;4;7;7;3;3;5;3;4;3;5;0;3;3;2;8;19;11;5;4;11;7;10;10;6;6;10;3;8;6;4;8;10;8;7;13;4;10;11;2;11;7;9;9;2;30;15;18;3;18;7;11;7;4;11;2;5;7;16;12;6;0;30;17;15;6;6;16;15;11;12;8;13;7;41;11;12;10;9;12;8;8;7;16;10;4
94;Emploi d'étranger sans titre de travail;11;6;9;7;8;7;4;8;2;11;4;8;10;2;13;5;4;8;5;6;4;4;4;8;3;5;8;7;0;1;9;5;1;13;9;9;4;8;3;7;7;6;10;6;5;2;7;9;3;5;3;7;10;6;7;8;1;2;7;10;5;4;9;3;4;9;1;8;3;4;8;5;3;5;2;8;5;0;12;6;1;5;5;7;8;6;12;5;5;8;4;8;2;5;5;6;5;3;5;7;5;3;4;5;3;5;3;5;7;9;7;5;6;8;6;2;3;3;5;3;9;7;3;4;8;4;9;11;1;4;8;7;5;9;5;7;9;9;8;5;2;4;7;8;7;5;5;7;7;6;8;10;2;5;9;7;7;2;4;10;8;8;6;9;6;2;3;9;9;7;3;1;4;9;11;9;2;4;13;4;6;4;15;8;6;6;8;4;4;2;7;6;0;3;8;8;7;3;5;7;2;6;8;3;2;4;8;12;7;5;9;13;1;2;2;6;1;2;0;1;6;5;5;2;8;3;5;10;7;1;0;0;2;4;3;1;0;0;0;3;0;0;0;0;2;0;1;1;0;3;2;2;1;1;0;2;3;0;0;0;1;0;1;6;0;2;2;1;1;1;0;0;0;0;1;0;0;0;0;2;1;1;0;0;1;0;1;1;0;0;0;0;1;1;0;0;0;0;3;2;0;2;1;0;3;1;0;0;1;2;2;2;2;1;1;3;3;2;4;1
95;Marchandage - prêt de main d'oeuvre;0;1;0;0;0;0;1;0;0;0;0;0;0;0;0;0;0;0;0;0;0;1;0;0;0;0;0;0;0;0;0;0;0;0;0;0;0;0;0;0;0;0;0;1;0;0;0;0;1;0;0;0;0;0;0;0;0;0;0;0;0;0;0;0;0;0;0;1;1;1;1;0;1;0;0;1;0;0;1;0;0;1;1;0;0;0;0;2;0;0;1;0;0;1;2;0;1;2;1;1;1;0;0;0;1;0;0;1;1;1;0;1;0;0;3;0;0;0;1;0;0;1;0;0;0;0;0;0;0;0;0;0;0;0;0;0;0;0;0;1;0;0;0;0;0;0;0;0;0;0;0;0;0;0;0;0;0;0;1;0;0;0;0;2;0;1;1;1;1;0;0;2;0;0;0;0;0;1;1;1;0;1;0;2;1;0;0;0;1;0;2;0;0;0;2;2;2;1;0;0;2;1;1;0;0;0;1;6;0;1;0;0;4;0;0;2;0;1;0;0;0;1;2;0;1;0;1;0;0;0;0;0;0;2;1;1;1;0;0;0;1;0;0;0;0;0;0;0;1;2;1;0;0;0;2;2;0;0;0;0;0;0;2;0;1;3;0;1;0;0;0;0;0;0;0;0;2;0;0;0;0;0;0;0;0;0;3;0;0;0;3;0;0;0;0;0;3;0;1;1;0;0;0;0;0;0;0;0;3;0;1;0;0;0;3;0;0;1;3;0
96;Index non utilisé;0;0;0;0;0;0;0;0;0;0;0;0;0;0;0;0;0;0;0;0;0;0;0;0;0;0;0;0;0;0;0;0;0;0;0;0;0;0;0;0;0;0;0;0;0;0;0;0;0;0;0;0;0;0;0;0;0;0;0;0;0;0;0;0;0;0;0;0;0;0;0;0;0;0;0;0;0;0;0;0;0;0;0;0;0;0;0;0;0;0;0;0;0;0;0;0;0;0;0;0;0;0;0;0;0;0;0;0;0;0;0;0;0;0;0;0;0;0;0;0;0;0;0;0;0;0;0;0;0;0;0;0;0;0;0;0;0;0;0;0;0;0;0;0;0;0;0;0;0;0;0;0;0;0;0;0;0;0;0;0;0;0;0;0;0;0;0;0;0;0;0;0;0;0;0;0;0;0;0;0;0;0;0;0;0;0;0;0;0;0;0;0;0;0;0;0;0;0;0;0;0;0;0;0;0;0;0;0;0;0;0;0;0;0;0;0;0;0;0;0;0;0;0;0;0;0;0;0;0;0;0;0;0;0;0;0;0;0;0;0;0;0;0;0;0;0;0;0;0;0;0;0;0;0;0;0;0;0;0;0;0;0;0;0;0;0;0;0;0;0;0;0;0;0;0;0;0;0;0;0;0;0;0;0;0;0;0;0;0;0;0;0;0;0;0;0;0;0;0;0;0;0;0;0;0;0;0;0;0;0;0;0;0;0;0;0;0;0;0;0
97;Index non utilisé;0;0;0;0;0;0;0;0;0;0;0;0;0;0;0;0;0;0;0;0;0;0;0;0;0;0;0;0;0;0;0;0;0;0;0;0;0;0;0;0;0;0;0;0;0;0;0;0;0;0;0;0;0;0;0;0;0;0;0;0;0;0;0;0;0;0;0;0;0;0;0;0;0;0;0;0;0;0;0;0;0;0;0;0;0;0;0;0;0;0;0;0;0;0;0;0;0;0;0;0;0;0;0;0;0;0;0;0;0;0;0;0;0;0;0;0;0;0;0;0;0;0;0;0;0;0;0;0;0;0;0;0;0;0;0;0;0;0;0;0;0;0;0;0;0;0;0;0;0;0;0;0;0;0;0;0;0;0;0;0;0;0;0;0;0;0;0;0;0;0;0;0;0;0;0;0;0;0;0;0;0;0;0;0;0;0;0;0;0;0;0;0;0;0;0;0;0;0;0;0;0;0;0;0;0;0;0;0;0;0;0;0;0;0;0;0;0;0;0;0;0;0;0;0;0;0;0;0;0;0;0;0;0;0;0;0;0;0;0;0;0;0;0;0;0;0;0;0;0;0;0;0;0;0;0;0;0;0;0;0;0;0;0;0;0;0;0;0;0;0;0;0;0;0;0;0;0;0;0;0;0;0;0;0;0;0;0;0;0;0;0;0;0;0;0;0;0;0;0;0;0;0;0;0;0;0;0;0;0;0;0;0;0;0;0;0;0;0;0;0
98;Banqueroutes, abus de biens sociaux et autres délits de société;1;1;3;1;5;1;6;3;4;4;5;2;3;0;6;2;3;3;4;6;1;4;1;1;0;4;2;1;2;0;0;5;1;7;1;4;2;3;5;4;3;4;1;5;4;2;1;2;3;2;3;3;2;7;5;7;1;1;7;2;3;2;3;2;4;1;1;5;3;2;3;1;3;1;3;4;4;2;3;2;6;0;3;1;3;5;1;5;0;3;2;2;9;6;12;4;3;4;7;3;4;3;8;4;6;12;7;2;3;3;1;3;5;1;1;5;7;4;2;5;1;2;1;3;4;3;4;2;5;6;2;4;0;2;2;3;7;3;5;2;3;4;7;3;5;5;0;8;5;3;5;4;5;3;6;5;3;2;6;7;1;5;4;3;6;2;7;7;5;3;2;1;8;5;3;5;4;3;4;9;5;2;6;4;4;5;1;2;7;1;5;4;3;0;1;0;5;8;2;6;5;4;3;5;6;2;4;12;6;5;7;2;4;3;1;2;2;2;1;2;1;3;2;2;6;2;3;1;2;2;2;1;4;3;4;3;1;3;3;0;1;4;3;4;0;0;3;3;2;2;3;5;3;5;1;1;3;1;0;1;3;6;2;1;1;1;0;0;6;4;0;6;5;4;1;2;8;1;3;1;0;7;3;6;4;3;1;4;2;3;2;0;1;3;1;3;6;3;4;1;3;2;7;4;4;4;4;1;5;2;4;2;5;5;4;3;4;4;4;1
99;Index non utilisé;0;0;0;0;0;0;0;0;0;0;0;0;0;0;0;0;0;0;0;0;0;0;0;0;0;0;0;0;0;0;0;0;0;0;0;0;0;0;0;0;0;0;0;0;0;0;0;0;0;0;0;0;0;0;0;0;0;0;0;0;0;0;0;0;0;0;0;0;0;0;0;0;0;0;0;0;0;0;0;0;0;0;0;0;0;0;0;0;0;0;0;0;0;0;0;0;0;0;0;0;0;0;0;0;0;0;0;0;0;0;0;0;0;0;0;0;0;0;0;0;0;0;0;0;0;0;0;0;0;0;0;0;0;0;0;0;0;0;0;0;0;0;0;0;0;0;0;0;0;0;0;0;0;0;0;0;0;0;0;0;0;0;0;0;0;0;0;0;0;0;0;0;0;0;0;0;0;0;0;0;0;0;0;0;0;0;0;0;0;0;0;0;0;0;0;0;0;0;0;0;0;0;0;0;0;0;0;0;0;0;0;0;0;0;0;0;0;0;0;0;0;0;0;0;0;0;0;0;0;0;0;0;0;0;0;0;0;0;0;0;0;0;0;0;0;0;0;0;0;0;0;0;0;0;0;0;0;0;0;0;0;0;0;0;0;0;0;0;0;0;0;0;0;0;0;0;0;0;0;0;0;0;0;0;0;0;0;0;0;0;0;0;0;0;0;0;0;0;0;0;0;0;0;0;0;0;0;0;0;0;0;0;0;0;0;0;0;0;0;0
100;Index non utilisé;0;0;0;0;0;0;0;0;0;0;0;0;0;0;0;0;0;0;0;0;0;0;0;0;0;0;0;0;0;0;0;0;0;0;0;0;0;0;0;0;0;0;0;0;0;0;0;0;0;0;0;0;0;0;0;0;0;0;0;0;0;0;0;0;0;0;0;0;0;0;0;0;0;0;0;0;0;0;0;0;0;0;0;0;0;0;0;0;0;0;0;0;0;0;0;0;0;0;0;0;0;0;0;0;0;0;0;0;0;0;0;0;0;0;0;0;0;0;0;0;0;0;0;0;0;0;0;0;0;0;0;0;0;0;0;0;0;0;0;0;0;0;0;0;0;0;0;0;0;0;0;0;0;0;0;0;0;0;0;0;0;0;0;0;0;0;0;0;0;0;0;0;0;0;0;0;0;0;0;0;0;0;0;0;0;0;0;0;0;0;0;0;0;0;0;0;0;0;0;0;0;0;0;0;0;0;0;0;0;0;0;0;0;0;0;0;0;0;0;0;0;0;0;0;0;0;0;0;0;0;0;0;0;0;0;0;0;0;0;0;0;0;0;0;0;0;0;0;0;0;0;0;0;0;0;0;0;0;0;0;0;0;0;0;0;0;0;0;0;0;0;0;0;0;0;0;0;0;0;0;0;0;0;0;0;0;0;0;0;0;0;0;0;0;0;0;0;0;0;0;0;0;0;0;0;0;0;0;0;0;0;0;0;0;0;0;0;0;0;0
101;Prix illicittes, publicité fausse et infractions aux règles de la concurrence;2;1;1;6;6;1;0;6;2;2;2;3;1;3;2;8;5;6;4;13;7;25;9;8;23;19;11;16;2;1;2;2;2;3;2;1;0;0;4;1;1;1;0;2;1;0;0;2;0;1;0;2;2;4;2;4;3;3;4;4;3;1;2;1;3;1;1;0;3;3;1;2;4;3;3;1;1;2;1;4;2;0;0;1;1;1;1;2;0;2;1;3;1;1;0;1;1;0;1;0;0;0;0;2;2;1;1;2;2;1;2;0;1;1;1;0;0;1;1;0;1;2;0;1;0;1;2;2;2;0;0;0;0;0;0;0;0;0;0;1;2;0;0;0;1;0;0;0;0;0;0;1;1;0;0;1;0;0;2;1;5;2;0;1;0;1;2;1;0;0;2;0;2;3;1;1;1;2;1;2;0;1;1;2;1;0;1;2;4;2;2;3;1;0;0;3;1;2;1;6;3;1;2;0;2;2;1;3;2;2;2;3;3;2;2;2;0;5;0;2;1;4;0;0;1;1;1;2;1;0;0;1;2;2;1;0;3;0;0;0;1;0;0;0;0;0;0;0;0;0;4;0;0;1;0;0;0;3;1;0;1;1;0;0;1;0;0;0;1;0;1;0;0;0;0;0;0;1;0;0;0;1;1;0;2;0;1;0;1;0;1;2;0;1;0;1;4;6;3;2;2;8;3;2;1;4;2;1;11;1;6;3;5;4;2;3;2;0;0;0
102;Achats et ventes sans factures;0;0;0;0;0;0;0;0;0;0;0;0;0;0;0;0;0;0;0;0;0;0;0;0;0;0;1;0;0;1;0;0;0;0;0;0;0;0;0;0;0;0;1;1;0;0;0;0;0;1;2;1;1;1;0;1;1;2;0;2;1;0;0;0;0;1;0;0;2;0;0;1;1;0;2;1;0;0;0;0;3;0;0;1;1;0;0;1;2;1;1;0;1;2;3;0;1;3;2;1;1;1;1;1;2;1;3;0;1;1;0;0;0;1;1;2;2;0;0;0;0;1;1;3;3;0;1;2;0;1;0;0;0;2;3;0;0;2;4;2;0;0;0;1;1;0;0;0;0;2;0;0;0;0;1;1;1;1;0;1;1;2;1;3;1;1;0;0;0;2;3;1;1;3;0;0;2;3;1;1;0;0;1;1;0;0;0;0;1;0;1;2;0;3;0;1;1;3;1;0;0;2;0;1;0;1;0;0;0;2;0;0;2;0;0;1;2;0;1;0;2;1;0;1;0;0;1;0;1;0;0;0;6;0;0;0;1;0;0;1;0;0;0;0;2;0;0;4;3;4;0;3;1;2;0;2;0;0;0;0;0;1;0;0;0;1;0;0;0;0;0;1;1;1;1;0;0;1;0;0;1;1;0;1;1;2;1;0;1;0;0;0;0;0;0;0;2;0;1;0;1;1;3;0;1;0;0;0;3;1;1;0;0;1;2;2;0;0;2;1
103;Infractions à l'exercice d'une profession règlementée;2;2;2;1;1;0;3;3;2;3;1;1;2;2;0;3;3;3;2;3;1;5;1;2;0;1;0;1;0;1;2;1;1;3;3;3;0;2;1;3;1;5;3;1;2;0;0;2;2;0;2;6;2;0;0;2;2;3;3;1;1;1;0;1;0;1;0;1;1;1;2;3;1;1;1;1;1;5;2;3;1;1;3;2;2;1;2;3;3;3;4;4;2;2;1;0;0;2;2;4;2;2;2;5;2;2;4;3;2;1;0;5;0;1;0;1;4;6;0;0;1;3;1;4;2;7;7;4;1;6;0;1;2;1;3;1;1;4;0;1;4;0;0;2;3;2;3;1;1;1;0;2;2;0;2;1;0;0;2;1;2;4;1;1;1;3;1;1;1;2;1;1;2;0;2;1;1;3;0;0;2;0;1;1;2;0;1;6;1;5;5;1;1;1;1;2;4;4;2;4;2;1;0;3;0;2;5;2;4;5;3;4;1;1;4;0;1;0;3;0;3;1;0;1;3;0;0;2;0;1;3;1;1;2;0;0;1;0;0;1;0;1;2;2;1;0;1;0;1;2;2;0;0;1;2;2;1;0;0;1;0;0;2;0;0;0;1;0;0;0;1;0;0;0;0;1;1;0;1;0;1;0;1;0;0;0;2;2;0;0;0;0;0;1;1;1;5;0;0;1;0;2;1;1;1;2;1;1;2;0;2;0;2;1;1;1;0;0;1;0
104;Infractions au droit de l'urbanisme et de la construction;3;2;7;8;4;4;7;9;13;8;12;6;5;3;5;17;8;8;12;10;6;14;8;10;3;5;4;1;4;4;2;5;8;8;4;5;4;4;4;4;10;8;7;5;5;6;4;13;3;4;4;7;5;8;6;1;4;13;5;5;3;7;6;7;2;12;0;5;5;3;4;8;6;3;6;4;5;4;7;7;5;3;7;1;3;4;3;3;2;4;7;4;8;6;4;6;0;1;1;2;5;2;1;6;5;5;4;0;2;3;0;4;5;6;2;2;1;0;4;0;2;2;0;0;0;3;2;2;3;2;4;1;1;0;0;2;0;2;2;1;1;0;2;1;1;1;1;1;2;1;1;1;2;0;0;0;4;0;1;2;1;0;3;0;2;2;2;3;0;1;2;2;2;4;3;0;0;2;3;2;4;0;5;2;1;4;3;2;6;2;3;1;2;1;3;1;6;6;0;5;4;2;1;3;1;3;1;1;8;1;6;3;3;3;1;1;1;1;1;0;3;3;0;0;2;1;0;1;0;1;1;1;4;2;1;0;3;0;1;0;1;1;1;1;2;3;3;1;3;1;3;1;3;3;0;1;3;1;2;1;6;1;1;2;3;1;0;10;1;0;1;8;4;2;3;3;0;2;3;3;4;5;6;3;1;0;1;1;2;1;7;8;3;3;1;1;7;3;1;2;5;4;4;4;6;10;1;2;9;1;4;1;4;4;2;3;2;1;1;2
105;Fraudes fiscales;1;0;0;0;0;2;1;1;0;3;2;0;3;0;0;2;3;0;1;3;3;2;3;1;0;4;2;0;1;0;0;2;2;2;3;1;0;2;0;1;0;2;0;2;0;1;1;2;3;5;0;0;2;4;4;1;2;1;2;0;2;3;0;3;3;1;2;0;1;1;4;1;0;2;2;0;0;0;1;0;4;0;1;1;0;3;0;0;0;1;4;2;3;1;4;4;2;3;5;5;4;0;1;2;4;9;1;1;1;0;0;0;1;1;0;0;0;1;1;0;0;1;0;1;3;1;3;3;0;3;2;2;0;5;0;2;2;0;0;3;1;1;2;3;3;1;2;1;3;2;2;0;0;1;1;0;0;0;2;5;2;0;0;2;0;2;3;1;1;3;2;0;2;5;1;3;3;1;0;3;2;3;2;3;0;0;1;0;1;0;3;1;1;3;1;1;3;5;0;2;1;4;0;5;1;0;1;1;7;0;1;2;2;2;0;1;1;1;1;2;1;3;0;0;1;0;3;0;5;0;2;1;2;2;0;0;1;0;1;0;2;1;0;3;2;6;1;0;2;1;0;1;0;2;2;2;1;1;2;1;2;0;0;0;1;2;0;1;0;2;3;4;1;0;3;0;0;0;1;2;3;2;1;0;1;0;0;1;0;1;0;1;3;2;0;1;1;2;0;0;0;4;0;2;1;3;2;0;2;2;2;3;0;1;0;0;1;1;2;0
106;Autres délits économiques et financiers;14;13;9;7;9;10;17;9;11;11;14;18;9;6;14;11;9;14;11;10;6;10;9;5;5;8;9;12;8;6;7;5;5;6;7;8;12;13;9;9;11;10;10;12;7;13;11;10;6;12;5;12;7;9;5;4;9;6;12;6;9;6;8;8;5;6;2;10;9;7;12;9;7;7;12;7;6;5;5;4;5;6;7;16;4;12;2;9;11;7;6;4;7;11;7;3;2;7;14;8;19;19;14;19;24;21;31;26;11;22;15;13;13;16;20;14;26;21;16;24;11;16;28;8;7;19;10;13;19;26;16;15;13;16;6;7;15;15;11;18;12;16;61;21;18;23;16;25;23;34;29;28;25;16;21;35;25;26;21;22;20;19;17;10;9;9;8;12;7;5;10;22;8;20;13;9;9;6;16;7;11;8;6;4;5;10;15;4;2;6;12;6;5;5;2;6;4;8;3;3;8;1;1;10;2;5;7;3;3;5;9;11;7;3;2;3;10;2;5;4;4;3;6;3;3;4;3;3;2;2;4;1;5;5;2;6;1;1;4;5;3;2;1;7;4;5;2;0;4;2;6;1;3;2;3;2;4;3;1;1;3;3;2;1;1;2;2;3;3;3;2;1;8;0;3;1;1;0;4;1;8;0;1;2;0;4;5;5;5;0;4;3;1;5;0;3;8;2;1;3;5;2;3;1;4;2;3;0;6;0;4;3;1;2;2;3;2;0;1;0
107;Autres délits;236;289;318;307;277;297;286;289;291;267;348;319;259;260;329;253;293;296;301;309;268;340;308;310;267;266;288;266;125;149;261;274;275;302;339;289;246;264;273;291;343;329;295;339;356;254;286;234;209;219;258;290;277;282;228;258;266;254;261;199;225;191;240;231;218;272;212;257;200;213;235;278;220;193;258;248;209;286;250;257;236;240;252;215;176;213;266;227;242;273;228;264;216;244;260;238;184;207;213;159;202;212;227;222;186;198;212;187;135;169;149;176;237;178;180;173;172;180;232;161;137;186;179;143;161;173;147;154;132;138;142;163;142;128;165;164;135;168;162;164;151;151;135;151;112;127;153;145;129;144;131;109;122;129;150;137;89;149;147;124;128;153;131;139;141;188;159;154;161;173;159;158;146;224;293;214;227;241;265;186;170;176;161;222;185;189;143;173;208;173;167;144;178;149;148;141;149;180;159;117;154;155;138;134;124;147;154;136;125;137;118;107;128;149;144;144;127;139;120;105;122;163;114;132;119;109;140;128;132;127;107;119;140;218;151;147;146;154;139;124;124;110;130;145;140;132;104;97;115;149;170;94;106;106;119;121;100;97;85;95;116;101;91;74;73;65;69;91;80;108;66;112;92;71;50;50;36;51;68;55;52;70;46;65;62;60;50;57;37;32;48;33;35;46;20;26;98;38;47;33;41;45;45;30;40;26;23;21;77;34;44;21;32;32;24;35;21;37;29;28
